"STATION","NAME","DATE","DAPR","MDPR","PRCP","SNOW","SNWD","TMAX","TMIN","TOBS"
"USC00043761","HAPPY CAMP RANGER STATION, CA US","2015-01-02",,,"0.00",,,"48","17","18"
"USC00043761","HAPPY CAMP RANGER STATION, CA US","2015-01-05",,,"0.00",,,,,"33"
"USC00043761","HAPPY CAMP RANGER STATION, CA US","2015-01-06",,,"0.00",,,"47","31","32"
"USC00043761","HAPPY CAMP RANGER STATION, CA US","2015-01-08",,,"0.00",,,"60","33","34"
"USC00043761","HAPPY CAMP RANGER STATION, CA US","2015-01-09",,,"0.00",,,"49","33","38"
"USC00043761","HAPPY CAMP RANGER STATION, CA US","2015-01-12",,,"0.12",,,,,"37"
"USC00043761","HAPPY CAMP RANGER STATION, CA US","2015-01-13",,,"0.05",,,"50","34","35"
"USC00043761","HAPPY CAMP RANGER STATION, CA US","2015-01-16",,,"1.41",,,"61","36","42"
"USC00043761","HAPPY CAMP RANGER STATION, CA US","2015-01-20",,,"1.20",,,,,"32"
"USC00043761","HAPPY CAMP RANGER STATION, CA US","2015-01-26",,,"0.00",,,,,"36"
"USC00043761","HAPPY CAMP RANGER STATION, CA US","2015-01-27",,,"0.00",,,"66","32","38"
"USC00043761","HAPPY CAMP RANGER STATION, CA US","2015-01-28",,,"0.00",,,"51","34","35"
"USC00043761","HAPPY CAMP RANGER STATION, CA US","2015-01-29",,,"0.00",,,"55","35","36"
"USC00043761","HAPPY CAMP RANGER STATION, CA US","2015-01-30",,,"0.00",,,"60","35","37"
"USC00043761","HAPPY CAMP RANGER STATION, CA US","2015-02-02",,,"0.79",,,,,"43"
"USC00043761","HAPPY CAMP RANGER STATION, CA US","2015-02-03",,,"1.24",,,"54","43","45"
"USC00043761","HAPPY CAMP RANGER STATION, CA US","2015-02-04",,,"0.00",,,"64","43","44"
"USC00043761","HAPPY CAMP RANGER STATION, CA US","2015-02-05",,,"0.65",,,"63","41","43"
"USC00043761","HAPPY CAMP RANGER STATION, CA US","2015-02-06",,,"3.80",,,"51","43","44"
"USC00043761","HAPPY CAMP RANGER STATION, CA US","2015-02-10","    4","3.53",,,,,,"36"
"USC00043761","HAPPY CAMP RANGER STATION, CA US","2015-02-11",,,"0.00",,,"53","34","35"
"USC00043761","HAPPY CAMP RANGER STATION, CA US","2015-02-12",,,"0.00",,,"59","35","36"
"USC00043761","HAPPY CAMP RANGER STATION, CA US","2015-02-13",,,"0.00",,,"59","36","38"
"USC00043761","HAPPY CAMP RANGER STATION, CA US","2015-02-18",,,"0.00",,,"72","35","37"
"USC00043761","HAPPY CAMP RANGER STATION, CA US","2015-02-20",,,"0.00",,,"71","30","30"
"USC00043761","HAPPY CAMP RANGER STATION, CA US","2015-03-02",,,"0.00",,,,,"34"
"USC00043761","HAPPY CAMP RANGER STATION, CA US","2015-03-03",,,"0.00",,,"65","23","30"
"USC00043761","HAPPY CAMP RANGER STATION, CA US","2015-03-04",,,"0.00",,,"67","27","28"
"USC00043761","HAPPY CAMP RANGER STATION, CA US","2015-03-05",,,"0.00",,,"72","27","28"
"USC00043761","HAPPY CAMP RANGER STATION, CA US","2015-03-06",,,"0.00",,,"74","28","36"
"USC00043761","HAPPY CAMP RANGER STATION, CA US","2015-03-09",,,"0.00",,,,,"34"
"USC00043761","HAPPY CAMP RANGER STATION, CA US","2015-03-12",,,"0.61",,,"72","37","45"
"USC00043761","HAPPY CAMP RANGER STATION, CA US","2015-03-13",,,"0.00",,,"75","41","43"
"USC00043761","HAPPY CAMP RANGER STATION, CA US","2015-03-16",,,"1.41",,,,,"42"
"USC00043761","HAPPY CAMP RANGER STATION, CA US","2015-03-18",,,"0.00",,,"69","33","34"
"USC00043761","HAPPY CAMP RANGER STATION, CA US","2015-03-20",,,"0.00",,,"79","34","38"
"USC00043761","HAPPY CAMP RANGER STATION, CA US","2015-03-23",,,"1.60",,,,,"37"
"USC00043761","HAPPY CAMP RANGER STATION, CA US","2015-03-24",,,"1.08",,,"55","37","39"
"USC00043761","HAPPY CAMP RANGER STATION, CA US","2015-03-27",,,"0.00",,,"84","36","47"
"USC00043761","HAPPY CAMP RANGER STATION, CA US","2015-03-30",,,"0.00",,,,,"37"
"USC00043761","HAPPY CAMP RANGER STATION, CA US","2015-03-31",,,"0.00",,,"81","37","46"
"USC00043761","HAPPY CAMP RANGER STATION, CA US","2015-04-01",,,"0.03",,,"64","27","28"
"USC00043761","HAPPY CAMP RANGER STATION, CA US","2015-04-02",,,"0.00",,,"66","27","28"
"USC00043761","HAPPY CAMP RANGER STATION, CA US","2015-04-07",,,"0.88",,,"65","28","33"
"USC00043761","HAPPY CAMP RANGER STATION, CA US","2015-04-08",,,"0.13",,,"54","33","35"
"USC00043761","HAPPY CAMP RANGER STATION, CA US","2015-04-09",,,"0.00",,,"64","32","33"
"USC00043761","HAPPY CAMP RANGER STATION, CA US","2015-04-10",,,"0.00",,,"72","31","32"
"USC00043761","HAPPY CAMP RANGER STATION, CA US","2015-04-13",,,"0.00",,,,,"34"
"USC00043761","HAPPY CAMP RANGER STATION, CA US","2015-04-14",,,"0.16",,,"69","31","32"
"USC00043761","HAPPY CAMP RANGER STATION, CA US","2015-04-15",,,"0.00",,,"62","27","28"
"USC00043761","HAPPY CAMP RANGER STATION, CA US","2015-04-16",,,"0.00",,,"73","28","34"
"USC00043761","HAPPY CAMP RANGER STATION, CA US","2015-04-17",,,"0.00",,,"86","33","37"
"USC00043761","HAPPY CAMP RANGER STATION, CA US","2015-04-21",,,"0.00",,,"90","37","41"
"USC00043761","HAPPY CAMP RANGER STATION, CA US","2015-04-22",,,"0.00",,,"79","40","48"
"USC00043761","HAPPY CAMP RANGER STATION, CA US","2015-04-24",,,"0.00",,,"76","34","36"
"USC00043761","HAPPY CAMP RANGER STATION, CA US","2015-04-28",,,"0.00",,,"91","35","45"
"USC00043761","HAPPY CAMP RANGER STATION, CA US","2015-04-29",,,"0.00",,,"82","38","39"
"USC00043761","HAPPY CAMP RANGER STATION, CA US","2015-04-30",,,"0.00",,,"78","34","37"
"USC00043761","HAPPY CAMP RANGER STATION, CA US","2015-05-01",,,"0.00",,,"86","37","40"
"USC00043761","HAPPY CAMP RANGER STATION, CA US","2015-05-04",,,"0.00",,,,,"36"
"USC00043761","HAPPY CAMP RANGER STATION, CA US","2015-05-07",,,"0.00",,,"73","34","39"
"USC00043761","HAPPY CAMP RANGER STATION, CA US","2015-05-12",,,"0.03",,,"63","36","37"
"USC00043761","HAPPY CAMP RANGER STATION, CA US","2015-05-13",,,"0.23",,,"64","37","38"
"USC00043761","HAPPY CAMP RANGER STATION, CA US","2015-05-14",,,"0.44",,,"68","38","43"
"USC00043761","HAPPY CAMP RANGER STATION, CA US","2015-05-15",,,"0.00",,,"68","39","41"
"USC00043761","HAPPY CAMP RANGER STATION, CA US","2015-05-18","    2","0.05",,,,,,"47"
"USC00043761","HAPPY CAMP RANGER STATION, CA US","2015-05-20",,,"0.00",,,"76","48","52"
"USC00043761","HAPPY CAMP RANGER STATION, CA US","2015-05-21",,,"0.47",,,"69","51","52"
"USC00043761","HAPPY CAMP RANGER STATION, CA US","2015-05-25",,,"0.00",,,,,
"USC00043761","HAPPY CAMP RANGER STATION, CA US","2015-05-26",,,"0.00",,,,,"56"
"USC00043761","HAPPY CAMP RANGER STATION, CA US","2015-06-01",,,"0.08",,,,,"51"
"USC00043761","HAPPY CAMP RANGER STATION, CA US","2015-06-02",,,"0.15",,,"67","50","52"
"USC00043761","HAPPY CAMP RANGER STATION, CA US","2015-06-03",,,"0.00",,,"74","45","46"
"USC00043761","HAPPY CAMP RANGER STATION, CA US","2015-06-04",,,"0.00",,,"80","46","49"
"USC00043761","HAPPY CAMP RANGER STATION, CA US","2015-06-05",,,"0.00",,,"95","47","50"
"USC00043761","HAPPY CAMP RANGER STATION, CA US","2015-06-08",,,"0.00",,,,,"57"
"USC00043761","HAPPY CAMP RANGER STATION, CA US","2015-06-09",,,"0.00",,,"108","57","62"
"USC00043761","HAPPY CAMP RANGER STATION, CA US","2015-06-10",,,"0.00",,,"101","56","56"
"USC00043761","HAPPY CAMP RANGER STATION, CA US","2015-06-15",,,"0.00",,,,,"51"
"USC00043761","HAPPY CAMP RANGER STATION, CA US","2015-06-16",,,"0.00",,,"95","47","49"
"USC00043761","HAPPY CAMP RANGER STATION, CA US","2015-06-18",,,"0.00",,,"96","48","50"
"USC00043761","HAPPY CAMP RANGER STATION, CA US","2015-06-19",,,"0.00",,,"91","42","45"
"USC00043761","HAPPY CAMP RANGER STATION, CA US","2015-06-22",,,"0.00",,,,,"48"
"USC00043761","HAPPY CAMP RANGER STATION, CA US","2015-06-24",,,"0.00",,,"96","45","51"
"USC00043761","HAPPY CAMP RANGER STATION, CA US","2015-06-25",,,"0.00",,,"97","51","54"
"USC00043761","HAPPY CAMP RANGER STATION, CA US","2015-06-30",,,"0.00",,,"101","52","54"
"USC00043761","HAPPY CAMP RANGER STATION, CA US","2015-07-02",,,"0.00",,,"110","58","60"
"USC00043761","HAPPY CAMP RANGER STATION, CA US","2015-07-06",,,"0.00",,,,,"61"
"USC00043761","HAPPY CAMP RANGER STATION, CA US","2015-07-08",,,"1.11",,,"98","57","60"
"USC00043761","HAPPY CAMP RANGER STATION, CA US","2015-07-09",,,"0.10",,,"77","59","62"
"USC00043761","HAPPY CAMP RANGER STATION, CA US","2015-07-10",,,"0.21",,,"83","56","57"
"USC00043761","HAPPY CAMP RANGER STATION, CA US","2015-07-13",,,"0.00",,,,,"54"
"USC00043761","HAPPY CAMP RANGER STATION, CA US","2015-07-14",,,"0.00",,,"90","51","52"
"USC00043761","HAPPY CAMP RANGER STATION, CA US","2015-07-17",,,"0.00",,,"96","50","55"
"USC00043761","HAPPY CAMP RANGER STATION, CA US","2015-07-22",,,"0.00",,,"99","47","49"
"USC00043761","HAPPY CAMP RANGER STATION, CA US","2015-07-23",,,"0.00",,,"93","47","50"
"USC00043761","HAPPY CAMP RANGER STATION, CA US","2015-07-24",,,"0.00",,,"92","49","55"
"USC00043761","HAPPY CAMP RANGER STATION, CA US","2015-07-27",,,"0.00",,,,,"47"
"USC00043761","HAPPY CAMP RANGER STATION, CA US","2015-07-28",,,"0.00",,,"90","47","48"
"USC00043761","HAPPY CAMP RANGER STATION, CA US","2015-07-29",,,"0.00",,,"101","48","52"
"USC00043761","HAPPY CAMP RANGER STATION, CA US","2015-07-30",,,"0.00",,,"109","50","53"
"USC00043761","HAPPY CAMP RANGER STATION, CA US","2015-08-03",,,"0.00",,,,,"56"
"USC00043761","HAPPY CAMP RANGER STATION, CA US","2015-08-04",,,"0.00",,,"96","53","54"
"USC00043761","HAPPY CAMP RANGER STATION, CA US","2015-08-05",,,"0.00",,,"96","54","56"
"USC00043761","HAPPY CAMP RANGER STATION, CA US","2015-08-07",,,"0.00",,,"95","48","50"
"USC00043761","HAPPY CAMP RANGER STATION, CA US","2015-08-11",,,"0.00",,,"87","47","55"
"USC00043761","HAPPY CAMP RANGER STATION, CA US","2015-08-13",,,"0.00",,,"96","47","48"
"USC00043761","HAPPY CAMP RANGER STATION, CA US","2015-08-14",,,"0.00",,,"90","48","51"
"USC00043761","HAPPY CAMP RANGER STATION, CA US","2015-08-17",,,"0.00",,,,,"50"
"USC00043761","HAPPY CAMP RANGER STATION, CA US","2015-08-18",,,"0.00",,,"104","50","52"
"USC00043761","HAPPY CAMP RANGER STATION, CA US","2015-08-20",,,"0.00",,,"94","51","51"
"USC00043761","HAPPY CAMP RANGER STATION, CA US","2015-08-24",,,"0.00",,,,,"51"
"USC00043761","HAPPY CAMP RANGER STATION, CA US","2015-08-25",,,"0.00",,,"96","46","47"
"USC00043761","HAPPY CAMP RANGER STATION, CA US","2015-08-27",,,"0.00",,,"93","46","47"
"USC00043761","HAPPY CAMP RANGER STATION, CA US","2015-08-28",,,"0.00",,,"95","47","58"
"USC00043761","HAPPY CAMP RANGER STATION, CA US","2015-08-31",,,"0.00",,,,,"45"
"USC00043761","HAPPY CAMP RANGER STATION, CA US","2015-09-01",,,"0.00",,,"92","45","48"
"USC00043761","HAPPY CAMP RANGER STATION, CA US","2015-09-11","    3","0.00",,,,"103","47","50"
"USC00043761","HAPPY CAMP RANGER STATION, CA US","2015-09-14",,,"0.00",,,,,"50"
"USC00043761","HAPPY CAMP RANGER STATION, CA US","2015-09-15",,,"0.00",,,"79","42","43"
"USC00043761","HAPPY CAMP RANGER STATION, CA US","2015-09-17","    2","0.65",,,,"66","43","49"
"USC00043761","HAPPY CAMP RANGER STATION, CA US","2015-09-18",,,"0.05",,,"70","44","50"
"USC00043761","HAPPY CAMP RANGER STATION, CA US","2015-09-21",,,"0.00",,,,,"43"
"USC00043761","HAPPY CAMP RANGER STATION, CA US","2015-09-30",,,"0.00",,,"93","36","36"
"USC00043761","HAPPY CAMP RANGER STATION, CA US","2015-10-02",,,"0.00",,,"83","39","40"
"USC00043761","HAPPY CAMP RANGER STATION, CA US","2015-10-06",,,"0.00",,,"92","40","40"
"USC00043761","HAPPY CAMP RANGER STATION, CA US","2015-10-08",,,"0.00",,,"91","39","46"
"USC00043761","HAPPY CAMP RANGER STATION, CA US","2015-10-09",,,"0.00",,,"89","41","42"
"USC00043761","HAPPY CAMP RANGER STATION, CA US","2015-10-13",,,"0.00",,,,,"41"
"USC00043761","HAPPY CAMP RANGER STATION, CA US","2015-10-16",,,"0.00",,,"94","41","45"
"USC00043761","HAPPY CAMP RANGER STATION, CA US","2015-10-19","    3","0.12",,,,,,"45"
"USC00043761","HAPPY CAMP RANGER STATION, CA US","2015-10-20",,,"0.19",,,"60","40","40"
"USC00043761","HAPPY CAMP RANGER STATION, CA US","2015-10-21",,,"0.00",,,"78","37","37"
"USC00043761","HAPPY CAMP RANGER STATION, CA US","2015-10-26","    5","0.15",,,,,,"42"
"USC00043761","HAPPY CAMP RANGER STATION, CA US","2015-10-27",,,"0.00",,,"72","39","39"
"USC00043761","HAPPY CAMP RANGER STATION, CA US","2015-10-29",,,"0.40",,,"64","39","43"
"USC00043761","HAPPY CAMP RANGER STATION, CA US","2015-10-30",,,"0.00",,,"71","38","40"
"USC00043761","HAPPY CAMP RANGER STATION, CA US","2015-11-02","    2","0.43",,,,,,"40"
"USC00043761","HAPPY CAMP RANGER STATION, CA US","2015-11-03",,,"0.05",,,"64","33","34"
"USC00043761","HAPPY CAMP RANGER STATION, CA US","2015-11-04",,,"0.00",,,"63","29","30"
"USC00043761","HAPPY CAMP RANGER STATION, CA US","2015-11-06",,,"0.00",,,"61","31","32"
"USC00043761","HAPPY CAMP RANGER STATION, CA US","2015-11-09","    2","0.80",,,,,,"35"
"USC00043761","HAPPY CAMP RANGER STATION, CA US","2015-11-10",,,"0.02",,,"56","31","32"
"USC00043761","HAPPY CAMP RANGER STATION, CA US","2015-11-12",,,"0.00",,,,,"39"
"USC00043761","HAPPY CAMP RANGER STATION, CA US","2015-11-13",,,"0.00",,,"63","34","35"
"USC00043761","HAPPY CAMP RANGER STATION, CA US","2015-11-16","    2","0.48",,,,,,"29"
"USC00043761","HAPPY CAMP RANGER STATION, CA US","2015-11-18",,,"0.70",,,"50","36","41"
"USC00043761","HAPPY CAMP RANGER STATION, CA US","2015-11-19",,,"0.03",,,"62","41","43"
"USC00043761","HAPPY CAMP RANGER STATION, CA US","2015-11-20",,,"0.12",,,"57","42","45"
"USC00043761","HAPPY CAMP RANGER STATION, CA US","2015-11-23",,,"0.00",,,,,"33"
"USC00043761","HAPPY CAMP RANGER STATION, CA US","2015-11-25",,,"0.02",,,"52","27","29"
"USC00043761","HAPPY CAMP RANGER STATION, CA US","2015-11-27",,,"0.00",,,,,"25"
"USC00043761","HAPPY CAMP RANGER STATION, CA US","2015-11-30",,,"0.00",,,,,"23"
"USC00043761","HAPPY CAMP RANGER STATION, CA US","2015-12-01",,,"0.00",,,"40","23","25"
"USC00043761","HAPPY CAMP RANGER STATION, CA US","2015-12-02",,,"0.72",,,"45","25","33"
"USC00043761","HAPPY CAMP RANGER STATION, CA US","2015-12-03",,,"0.55",,,"45","33","37"
"USC00043761","HAPPY CAMP RANGER STATION, CA US","2015-12-07","    4","2.50",,,,,,"42"
"USC00043761","HAPPY CAMP RANGER STATION, CA US","2015-12-08",,,"0.47",,,"57","41","45"
"USC00043761","HAPPY CAMP RANGER STATION, CA US","2015-12-09",,,"0.90",,,"62","44","44"
"USC00043761","HAPPY CAMP RANGER STATION, CA US","2015-12-11",,,"2.20",,,"51","29","30"
"USC00043761","HAPPY CAMP RANGER STATION, CA US","2015-12-16",,,"0.00",,,"48","15","30"
"USC00043761","HAPPY CAMP RANGER STATION, CA US","2015-12-22",,,"0.92",,,"54","17","28"
"USC00043761","HAPPY CAMP RANGER STATION, CA US","2016-01-04",,,"0.32",,,,,"28"
"USC00043761","HAPPY CAMP RANGER STATION, CA US","2016-01-06",,,"0.59",,,"48","27","33"
"USC00043761","HAPPY CAMP RANGER STATION, CA US","2016-01-07",,,"0.04",,,"46","31","32"
"USC00043761","HAPPY CAMP RANGER STATION, CA US","2016-01-08",,,"0.00",,,"50","32","34"
"USC00043761","HAPPY CAMP RANGER STATION, CA US","2016-01-11",,,"0.58",,,,,"34"
"USC00043761","HAPPY CAMP RANGER STATION, CA US","2016-01-12",,,"0.25",,,"47","32","35"
"USC00043761","HAPPY CAMP RANGER STATION, CA US","2016-01-13",,,"1.65",,,"47","35","40"
"USC00043761","HAPPY CAMP RANGER STATION, CA US","2016-02-01",,,"0.35",,,,,"26"
"USC00043761","HAPPY CAMP RANGER STATION, CA US","2016-02-02",,,"0.00",,,"45","26","32"
"USC00043761","HAPPY CAMP RANGER STATION, CA US","2016-02-03",,,"0.47",,,"47","32","34"
"USC00043761","HAPPY CAMP RANGER STATION, CA US","2016-02-04",,,"0.00",,,"47","32","34"
"USC00043761","HAPPY CAMP RANGER STATION, CA US","2016-02-05",,,"0.02",,,"50","31","32"
"USC00043761","HAPPY CAMP RANGER STATION, CA US","2016-02-08",,,"0.00",,,,,"44"
"USC00043761","HAPPY CAMP RANGER STATION, CA US","2016-02-09",,,"0.00",,,"75","30","31"
"USC00043761","HAPPY CAMP RANGER STATION, CA US","2016-02-10",,,"0.00",,,"63","31","34"
"USC00043761","HAPPY CAMP RANGER STATION, CA US","2016-02-11",,,"0.00",,,"61","33","37"
"USC00043761","HAPPY CAMP RANGER STATION, CA US","2016-02-12",,,"0.00",,,"70","36","36"
"USC00043761","HAPPY CAMP RANGER STATION, CA US","2016-02-16",,,"0.00",,,,,
"USC00043761","HAPPY CAMP RANGER STATION, CA US","2016-02-17",,,"0.00","0.0","0.0","58","31","39"
"USC00043761","HAPPY CAMP RANGER STATION, CA US","2016-02-18",,,"1.52",,,"50","30","33"
"USC00043761","HAPPY CAMP RANGER STATION, CA US","2016-02-22",,,"0.00",,,,,"32"
"USC00043761","HAPPY CAMP RANGER STATION, CA US","2016-02-23",,,"0.00",,,"61","29","29"
"USC00043761","HAPPY CAMP RANGER STATION, CA US","2016-02-25",,,"0.00",,,"69","32","33"
"USC00043761","HAPPY CAMP RANGER STATION, CA US","2016-02-26",,,"0.00",,,"70","33","36"
"USC00043761","HAPPY CAMP RANGER STATION, CA US","2016-02-29","    2","0.50",,,,,,"29"
"USC00043761","HAPPY CAMP RANGER STATION, CA US","2016-03-02",,,"0.25",,,"61","35","36"
"USC00043761","HAPPY CAMP RANGER STATION, CA US","2016-03-03",,,"0.32",,,"63","36","41"
"USC00043761","HAPPY CAMP RANGER STATION, CA US","2016-03-04",,,"0.00",,,"69","32","34"
"USC00043761","HAPPY CAMP RANGER STATION, CA US","2016-03-07","    2","2.25",,,,,,"31"
"USC00043761","HAPPY CAMP RANGER STATION, CA US","2016-03-08",,,"0.00",,,"60","30","32"
"USC00043761","HAPPY CAMP RANGER STATION, CA US","2016-03-09",,,"0.87",,,"46","31","36"
"USC00043761","HAPPY CAMP RANGER STATION, CA US","2016-03-11",,,"1.24",,,"64","35","36"
"USC00043761","HAPPY CAMP RANGER STATION, CA US","2016-03-14","    2","3.60",,,,,,"32"
"USC00043761","HAPPY CAMP RANGER STATION, CA US","2016-03-15",,,"0.10",,,"52","32","33"
"USC00043761","HAPPY CAMP RANGER STATION, CA US","2016-03-17",,,"0.00",,,"73","33","33"
"USC00043761","HAPPY CAMP RANGER STATION, CA US","2016-03-18",,,"0.00",,,"78","33","34"
"USC00043761","HAPPY CAMP RANGER STATION, CA US","2016-03-22","    3","3.30",,,,,,"30"
"USC00043761","HAPPY CAMP RANGER STATION, CA US","2016-03-25",,,"0.00",,,"67","33","34"
"USC00043761","HAPPY CAMP RANGER STATION, CA US","2016-03-28","    2","0.02",,,,,,"30"
"USC00043761","HAPPY CAMP RANGER STATION, CA US","2016-03-29",,,"0.00",,,"59","26","26"
"USC00043761","HAPPY CAMP RANGER STATION, CA US","2016-03-31",,,"0.00",,,"75","30","33"
"USC00043761","HAPPY CAMP RANGER STATION, CA US","2016-04-01",,,"0.00",,,"80","33","35"
"USC00043761","HAPPY CAMP RANGER STATION, CA US","2016-04-04",,,"0.00",,,,,"35"
"USC00043761","HAPPY CAMP RANGER STATION, CA US","2016-04-05",,,"0.00",,,"69","31","32"
"USC00043761","HAPPY CAMP RANGER STATION, CA US","2016-04-06",,,"0.00",,,"79","32","37"
"USC00043761","HAPPY CAMP RANGER STATION, CA US","2016-04-08",,,"0.00",,,"92","36","44"
"USC00043761","HAPPY CAMP RANGER STATION, CA US","2016-04-11",,,"0.00",,,,,"42"
"USC00043761","HAPPY CAMP RANGER STATION, CA US","2016-04-19",,,"0.00",,,"92","41","44"
"USC00043761","HAPPY CAMP RANGER STATION, CA US","2016-04-20",,,"0.00",,,"90","44","45"
"USC00043761","HAPPY CAMP RANGER STATION, CA US","2016-04-21",,,"0.00",,,"83","38","40"
"USC00043761","HAPPY CAMP RANGER STATION, CA US","2016-04-22",,,"0.05",,,"75","40","43"
"USC00043761","HAPPY CAMP RANGER STATION, CA US","2016-04-25","    2","0.72",,,,,,"31"
"USC00043761","HAPPY CAMP RANGER STATION, CA US","2016-04-26",,,"0.00",,,"65","28","28"
"USC00043761","HAPPY CAMP RANGER STATION, CA US","2016-04-27",,,"0.20",,,"65","28","37"
"USC00043761","HAPPY CAMP RANGER STATION, CA US","2016-04-28",,,"0.12",,,"63","37","39"
"USC00043761","HAPPY CAMP RANGER STATION, CA US","2016-04-29",,,"0.00",,,"76","39","42"
"USC00043761","HAPPY CAMP RANGER STATION, CA US","2016-05-03",,,"0.00",,,"81","41","44"
"USC00043761","HAPPY CAMP RANGER STATION, CA US","2016-05-04",,,"0.07",,,"66","44","47"
"USC00043761","HAPPY CAMP RANGER STATION, CA US","2016-05-05",,,"0.10",,,"72","45","45"
"USC00043761","HAPPY CAMP RANGER STATION, CA US","2016-05-06",,,"0.00",,,"72","44","46"
"USC00043761","HAPPY CAMP RANGER STATION, CA US","2016-05-09",,,"0.00",,,,,"45"
"USC00043761","HAPPY CAMP RANGER STATION, CA US","2016-05-10",,,"0.00",,,"83","36","40"
"USC00043761","HAPPY CAMP RANGER STATION, CA US","2016-05-11",,,"0.00",,,"85","38","42"
"USC00043761","HAPPY CAMP RANGER STATION, CA US","2016-05-12",,,"0.00",,,"91","42","45"
"USC00043761","HAPPY CAMP RANGER STATION, CA US","2016-05-13",,,"0.00",,,"92","45","47"
"USC00043761","HAPPY CAMP RANGER STATION, CA US","2016-05-18",,,"0.00",,,"90","45","50"
"USC00043761","HAPPY CAMP RANGER STATION, CA US","2016-05-19",,,"0.00",,,"92","43","47"
"USC00043761","HAPPY CAMP RANGER STATION, CA US","2016-05-20",,,"0.21",,,"72","36","37"
"USC00043761","HAPPY CAMP RANGER STATION, CA US","2016-05-23","    2","0.07",,,,,,"47"
"USC00043761","HAPPY CAMP RANGER STATION, CA US","2016-05-24",,,"0.00",,,"70","40","43"
"USC00043761","HAPPY CAMP RANGER STATION, CA US","2016-05-26",,,"0.00",,,"83","42","44"
"USC00043761","HAPPY CAMP RANGER STATION, CA US","2016-05-27",,,"0.00",,,"81","42","43"
"USC00043761","HAPPY CAMP RANGER STATION, CA US","2016-05-31",,,"0.00",,,,,"49"
"USC00043761","HAPPY CAMP RANGER STATION, CA US","2016-10-03",,,"0.88",,,,,"42"
"USC00043761","HAPPY CAMP RANGER STATION, CA US","2016-10-04",,,"0.10",,,"54","42","44"
"USC00043761","HAPPY CAMP RANGER STATION, CA US","2016-10-05",,,"0.23",,,"61","39","41"
"USC00043761","HAPPY CAMP RANGER STATION, CA US","2016-10-06",,,"0.05",,,"67","37","38"
"USC00043761","HAPPY CAMP RANGER STATION, CA US","2016-10-07",,,"0.01",,,,"38","41"
"USC00043761","HAPPY CAMP RANGER STATION, CA US","2016-10-11",,,"0.00",,,,,"39"
"USC00043761","HAPPY CAMP RANGER STATION, CA US","2016-10-12",,,"0.00",,,,"37","38"
"USC00043761","HAPPY CAMP RANGER STATION, CA US","2016-10-13",,,"0.18",,,,"38","46"
"USC00043761","HAPPY CAMP RANGER STATION, CA US","2016-10-14",,,"3.31",,,,"46","50"
"USC00043761","HAPPY CAMP RANGER STATION, CA US","2016-10-17",,,"5.93",,,,,"48"
"USC00043761","HAPPY CAMP RANGER STATION, CA US","2016-10-18",,,"1.30",,,"60","46","47"
"USC00043761","HAPPY CAMP RANGER STATION, CA US","2016-10-19",,,"0.00",,,"59","42","43"
"USC00043761","HAPPY CAMP RANGER STATION, CA US","2016-10-20",,,"0.00",,,"66","43","46"
"USC00043761","HAPPY CAMP RANGER STATION, CA US","2016-10-21",,,"0.00",,,"70","46","51"
"USC00043761","HAPPY CAMP RANGER STATION, CA US","2016-10-24",,,"0.00",,,,,"45"
"USC00043761","HAPPY CAMP RANGER STATION, CA US","2016-10-25",,,"1.05",,,"52","45","46"
"USC00043761","HAPPY CAMP RANGER STATION, CA US","2016-10-28",,,"0.52",,,"52","43","43"
"USC00043761","HAPPY CAMP RANGER STATION, CA US","2016-10-31",,,"2.74",,,,,"46"
"USC00043761","HAPPY CAMP RANGER STATION, CA US","2016-11-01",,,"0.15",,,"52","46","47"
"USC00043761","HAPPY CAMP RANGER STATION, CA US","2016-11-02",,,"0.00",,,"62","45","46"
"USC00043761","HAPPY CAMP RANGER STATION, CA US","2016-11-03",,,"0.00",,,"63","45","48"
"USC00043761","HAPPY CAMP RANGER STATION, CA US","2016-11-04",,,"0.00",,,"61","46","46"
"USC00043761","HAPPY CAMP RANGER STATION, CA US","2016-11-07",,,"0.63",,,,,"49"
"USC00043761","HAPPY CAMP RANGER STATION, CA US","2016-11-08",,,"0.00",,,"62","48","49"
"USC00043761","HAPPY CAMP RANGER STATION, CA US","2016-11-09",,,"0.00",,,"63","48","50"
"USC00043761","HAPPY CAMP RANGER STATION, CA US","2016-11-10",,,"0.00",,,"58","47","48"
"USC00043761","HAPPY CAMP RANGER STATION, CA US","2016-11-14",,,"0.28",,,,,"50"
"USC00043761","HAPPY CAMP RANGER STATION, CA US","2016-11-15",,,"1.21",,,"56","50","53"
"USC00043761","HAPPY CAMP RANGER STATION, CA US","2016-11-16",,,"0.09",,,"59","41","42"
"USC00043761","HAPPY CAMP RANGER STATION, CA US","2016-11-17",,,"0.00",,,"51","39","40"
"USC00043761","HAPPY CAMP RANGER STATION, CA US","2016-11-18",,,"0.00",,,"54","32","39"
"USC00043761","HAPPY CAMP RANGER STATION, CA US","2016-11-21",,,"2.22",,,,,"45"
"USC00043761","HAPPY CAMP RANGER STATION, CA US","2016-11-22",,,"0.02",,,"61","41","42"
"USC00043761","HAPPY CAMP RANGER STATION, CA US","2016-11-23",,,"1.41",,,"52","34","34"
"USC00043761","HAPPY CAMP RANGER STATION, CA US","2016-11-28",,,"2.42",,,,,"40"
"USC00043761","HAPPY CAMP RANGER STATION, CA US","2016-11-29",,,"0.02",,,"53","35","36"
"USC00043761","HAPPY CAMP RANGER STATION, CA US","2016-11-30",,,"0.07",,,"51","36","39"
"USC00043761","HAPPY CAMP RANGER STATION, CA US","2016-12-01",,,"0.04",,,"54","39","39"
"USC00043761","HAPPY CAMP RANGER STATION, CA US","2016-12-02",,,"0.00",,,"51","30","32"
"USC00043761","HAPPY CAMP RANGER STATION, CA US","2016-12-05","    3","0.05",,,,,,"33"
"USC00043761","HAPPY CAMP RANGER STATION, CA US","2016-12-06",,,"0.06",,,"41","33","36"
"USC00043761","HAPPY CAMP RANGER STATION, CA US","2016-12-07",,,"0.00",,,"49","28","29"
"USC00043761","HAPPY CAMP RANGER STATION, CA US","2016-12-08",,,"0.31",,,"39","29","34"
"USC00043761","HAPPY CAMP RANGER STATION, CA US","2016-12-09",,,"0.49",,,"43","34","41"
"USC00043761","HAPPY CAMP RANGER STATION, CA US","2016-12-12","    3","1.53",,,,,,"39"
"USC00043761","HAPPY CAMP RANGER STATION, CA US","2016-12-13",,,"0.00",,,"50","35","37"
"USC00043761","HAPPY CAMP RANGER STATION, CA US","2016-12-14",,,"1.87",,,"42","34","36"
"USC00043761","HAPPY CAMP RANGER STATION, CA US","2016-12-15",,,"3.46",,,"46","36","45"
"USC00043761","HAPPY CAMP RANGER STATION, CA US","2016-12-16",,,"0.00",,,"52","30","31"
"USC00043761","HAPPY CAMP RANGER STATION, CA US","2016-12-19","    3","0.00",,,,,,"28"
"USC00043761","HAPPY CAMP RANGER STATION, CA US","2016-12-20",,,"0.00",,,"42","28","37"
"USC00043761","HAPPY CAMP RANGER STATION, CA US","2016-12-21",,,"0.00",,,"43","32","32"
"USC00043761","HAPPY CAMP RANGER STATION, CA US","2016-12-22",,,"0.00",,,"53","31","32"
"USC00043761","HAPPY CAMP RANGER STATION, CA US","2016-12-23",,,"0.45",,,"55","25","32"
"USC00043761","HAPPY CAMP RANGER STATION, CA US","2016-12-27","    4","1.19",,,,"40","26","32"
"USC00043761","HAPPY CAMP RANGER STATION, CA US","2016-12-28",,,"0.08",,,"38","32","34"
"USC00043761","HAPPY CAMP RANGER STATION, CA US","2016-12-29",,,"0.00",,,"48","34","34"
"USC00043761","HAPPY CAMP RANGER STATION, CA US","2016-12-30",,,"0.00",,,"47","33","34"
"USC00043761","HAPPY CAMP RANGER STATION, CA US","2017-01-09",,,"4.67",,,,,"32"
"USC00043761","HAPPY CAMP RANGER STATION, CA US","2017-01-10",,,"0.70",,"2.0","44","32","36"
"USC00043761","HAPPY CAMP RANGER STATION, CA US","2017-01-11",,,"2.03",,,"40","31","33"
"USC00043761","HAPPY CAMP RANGER STATION, CA US","2017-01-12",,,"0.10",,,"46","31","32"
"USC00043761","HAPPY CAMP RANGER STATION, CA US","2017-01-13",,,"0.00",,,"49","28","29"
"USC00043761","HAPPY CAMP RANGER STATION, CA US","2017-01-17",,,"0.00",,,,,"28"
"USC00043761","HAPPY CAMP RANGER STATION, CA US","2017-01-18",,,"1.05",,,"43","28","35"
"USC00043761","HAPPY CAMP RANGER STATION, CA US","2017-01-19",,,"2.50",,,"37","31","32"
"USC00043761","HAPPY CAMP RANGER STATION, CA US","2017-01-20",,,"0.95",,,"43","32","32"
"USC00043761","HAPPY CAMP RANGER STATION, CA US","2017-01-23",,,"2.98",,,,,"33"
"USC00043761","HAPPY CAMP RANGER STATION, CA US","2017-01-24",,,"0.02",,,"43","33","33"
"USC00043761","HAPPY CAMP RANGER STATION, CA US","2017-01-25",,,"0.00",,,"47","32","33"
"USC00043761","HAPPY CAMP RANGER STATION, CA US","2017-01-26",,,"0.00",,,"42","33","34"
"USC00043761","HAPPY CAMP RANGER STATION, CA US","2017-01-27",,,"0.00",,,"49","32","32"
"USC00043761","HAPPY CAMP RANGER STATION, CA US","2017-01-30",,,"0.00",,,,,"31"
"USC00043761","HAPPY CAMP RANGER STATION, CA US","2017-01-31",,,"0.00",,,"52","31","32"
"USC00043761","HAPPY CAMP RANGER STATION, CA US","2017-02-01",,,"0.00",,,"47","31","32"
"USC00043761","HAPPY CAMP RANGER STATION, CA US","2017-02-02",,,"0.07",,,"46","32","35"
"USC00043761","HAPPY CAMP RANGER STATION, CA US","2017-02-03",,,"0.78",,,"50","35","49"
"USC00043761","HAPPY CAMP RANGER STATION, CA US","2017-02-06",,,"3.23",,,,,"43"
"USC00043761","HAPPY CAMP RANGER STATION, CA US","2017-02-07",,,"1.32",,,"47","34","36"
"USC00043761","HAPPY CAMP RANGER STATION, CA US","2017-02-08",,,"0.59",,,"55","36","38"
"USC00043761","HAPPY CAMP RANGER STATION, CA US","2017-02-09",,,"3.10",,,"46","38","46"
"USC00043761","HAPPY CAMP RANGER STATION, CA US","2017-02-10",,,"0.70",,,"54","38","40"
"USC00043761","HAPPY CAMP RANGER STATION, CA US","2017-02-13",,,"0.14",,,,,"35"
"USC00043761","HAPPY CAMP RANGER STATION, CA US","2017-02-14",,,"0.00",,,"50","33","34"
"USC00043761","HAPPY CAMP RANGER STATION, CA US","2017-02-15",,,"0.05",,,"57","34","42"
"USC00043761","HAPPY CAMP RANGER STATION, CA US","2017-02-16",,,"2.97",,,"50","42","46"
"USC00043761","HAPPY CAMP RANGER STATION, CA US","2017-02-17",,,"0.40",,,"51","38","39"
"USC00043761","HAPPY CAMP RANGER STATION, CA US","2017-02-21",,,"4.00",,,,,"41"
"USC00043761","HAPPY CAMP RANGER STATION, CA US","2017-02-22",,,"0.62",,,"46","34","35"
"USC00043761","HAPPY CAMP RANGER STATION, CA US","2017-02-23",,,"0.00",,,"42","32","33"
"USC00043761","HAPPY CAMP RANGER STATION, CA US","2017-02-24",,,"0.09",,,"50","31","33"
"USC00043761","HAPPY CAMP RANGER STATION, CA US","2017-02-27",,,"0.42",,,,,"34"
"USC00043761","HAPPY CAMP RANGER STATION, CA US","2017-02-28",,,"0.05",,,"45","34","36"
"USC00043761","HAPPY CAMP RANGER STATION, CA US","2017-03-01",,,"0.00",,,"53","33","35"
"USC00043761","HAPPY CAMP RANGER STATION, CA US","2017-03-02",,,"0.00",,,"61","33","35"
"USC00043761","HAPPY CAMP RANGER STATION, CA US","2017-03-03",,,"0.00",,,"62","33","37"
"USC00043761","HAPPY CAMP RANGER STATION, CA US","2017-03-06","    3","1.21",,,,,,"32"
"USC00043761","HAPPY CAMP RANGER STATION, CA US","2017-03-07",,,"0.79",,,"39","32","35"
"USC00043761","HAPPY CAMP RANGER STATION, CA US","2017-03-08",,,"0.36",,,"45","34","38"
"USC00043761","HAPPY CAMP RANGER STATION, CA US","2017-03-09",,,"0.45",,,"54","38","43"
"USC00043761","HAPPY CAMP RANGER STATION, CA US","2017-03-10",,,"0.00",,,"57","42","44"
"USC00043761","HAPPY CAMP RANGER STATION, CA US","2017-03-13","    3","0.02",,,,,,"38"
"USC00043761","HAPPY CAMP RANGER STATION, CA US","2017-03-14",,,"0.00",,,"72","38","42"
"USC00043761","HAPPY CAMP RANGER STATION, CA US","2017-03-15",,,"0.00",,,"76","42","46"
"USC00043761","HAPPY CAMP RANGER STATION, CA US","2017-03-16",,,"0.25",,,"58","41","42"
"USC00043761","HAPPY CAMP RANGER STATION, CA US","2017-03-17",,,"0.00",,,"66","41","44"
"USC00043761","HAPPY CAMP RANGER STATION, CA US","2017-03-20","    3","1.76",,,,,,"49"
"USC00043761","HAPPY CAMP RANGER STATION, CA US","2017-03-21",,,"1.38",,,"59","44","44"
"USC00043761","HAPPY CAMP RANGER STATION, CA US","2017-03-22",,,"0.29",,,"63","43","45"
"USC00043761","HAPPY CAMP RANGER STATION, CA US","2017-03-23",,,"0.12",,,"58","39","41"
"USC00043761","HAPPY CAMP RANGER STATION, CA US","2017-03-24",,,"1.40",,,"60","41","42"
"USC00043761","HAPPY CAMP RANGER STATION, CA US","2017-03-27","    3","1.14",,,,,,"41"
"USC00043761","HAPPY CAMP RANGER STATION, CA US","2017-03-28",,,"0.00",,,"60","39","40"
"USC00043761","HAPPY CAMP RANGER STATION, CA US","2017-03-29",,,"0.00",,,"69","40","47"
"USC00043761","HAPPY CAMP RANGER STATION, CA US","2017-03-30",,,"0.24",,,"56","41","42"
"USC00043761","HAPPY CAMP RANGER STATION, CA US","2017-03-31",,,"0.00",,,"60","34","34"
"USC00043761","HAPPY CAMP RANGER STATION, CA US","2017-04-03",,,"0.00",,,,,"35"
"USC00043761","HAPPY CAMP RANGER STATION, CA US","2017-04-04",,,"0.00",,,"71","35","47"
"USC00043761","HAPPY CAMP RANGER STATION, CA US","2017-04-05",,,"0.00",,,"71","44","54"
"USC00043761","HAPPY CAMP RANGER STATION, CA US","2017-04-06",,,"0.10",,,"69","47","48"
"USC00043761","HAPPY CAMP RANGER STATION, CA US","2017-04-07",,,"0.00",,,"59","33","39"
"USC00043761","HAPPY CAMP RANGER STATION, CA US","2017-04-10","    3","1.65",,,,,,"39"
"USC00043761","HAPPY CAMP RANGER STATION, CA US","2017-04-11",,,"0.09",,,"62","33","41"
"USC00043761","HAPPY CAMP RANGER STATION, CA US","2017-04-12",,,"0.27",,,"56","41","48"
"USC00043761","HAPPY CAMP RANGER STATION, CA US","2017-04-13",,,"0.48",,,"58","39","41"
"USC00043761","HAPPY CAMP RANGER STATION, CA US","2017-04-14",,,"0.04",,,"56","37","39"
"USC00043761","HAPPY CAMP RANGER STATION, CA US","2017-04-17","    3","0.21",,,,,,"45"
"USC00043761","HAPPY CAMP RANGER STATION, CA US","2017-04-18",,,"0.50",,,"59","45","48"
"USC00043761","HAPPY CAMP RANGER STATION, CA US","2017-04-19",,,"0.00",,,"62","41","43"
"USC00043761","HAPPY CAMP RANGER STATION, CA US","2017-04-20",,,"0.98",,,"55","40","41"
"USC00043761","HAPPY CAMP RANGER STATION, CA US","2017-04-21",,,"0.00",,,"69","38","41"
"USC00043761","HAPPY CAMP RANGER STATION, CA US","2017-04-24","    3","0.40",,,,,,"43"
"USC00043761","HAPPY CAMP RANGER STATION, CA US","2017-04-25",,,"0.13",,,"57","41","43"
"USC00043761","HAPPY CAMP RANGER STATION, CA US","2017-04-26",,,"0.13",,,"58","43","51"
"USC00043761","HAPPY CAMP RANGER STATION, CA US","2017-04-27",,,"0.04",,,"62","38","40"
"USC00043761","HAPPY CAMP RANGER STATION, CA US","2017-04-28",,,"0.00",,,"69","36","38"
"USC00043761","HAPPY CAMP RANGER STATION, CA US","2017-05-01",,,"0.00",,,,,"47"
"USC00043761","HAPPY CAMP RANGER STATION, CA US","2017-05-02",,,"0.00",,,"82","47","55"
"USC00043761","HAPPY CAMP RANGER STATION, CA US","2017-05-03",,,"0.00",,,"86","51","55"
"USC00043761","HAPPY CAMP RANGER STATION, CA US","2017-05-04",,,"0.00",,,,,"56"
"USC00043761","HAPPY CAMP RANGER STATION, CA US","2017-05-05",,,"0.00",,,"94","51","57"
"USC00043761","HAPPY CAMP RANGER STATION, CA US","2017-05-08",,,"0.00",,,,,"46"
"USC00043761","HAPPY CAMP RANGER STATION, CA US","2017-05-09",,,"0.00",,,"84","43","52"
"USC00043761","HAPPY CAMP RANGER STATION, CA US","2017-05-10",,,"0.00",,,"89","46","53"
"USC00043761","HAPPY CAMP RANGER STATION, CA US","2017-05-11",,,"0.00",,,"84","52","55"
"USC00043761","HAPPY CAMP RANGER STATION, CA US","2017-05-12",,,"0.40",,,"57","41","41"
"USC00043761","HAPPY CAMP RANGER STATION, CA US","2017-05-15",,,"0.10",,,,,"46"
"USC00043761","HAPPY CAMP RANGER STATION, CA US","2017-05-16",,,"0.10",,,"73","46","48"
"USC00043761","HAPPY CAMP RANGER STATION, CA US","2017-05-17",,,"0.00",,,"62","36","43"
"USC00043761","HAPPY CAMP RANGER STATION, CA US","2017-05-18",,,"0.00",,,"73","39","43"
"USC00043761","HAPPY CAMP RANGER STATION, CA US","2017-05-19",,,"0.00",,,"84","43","49"
"USC00043761","HAPPY CAMP RANGER STATION, CA US","2017-05-22",,,"0.00",,,,,"57"
"USC00043761","HAPPY CAMP RANGER STATION, CA US","2017-05-23",,,"0.00",,,"98","54","60"
"USC00043761","HAPPY CAMP RANGER STATION, CA US","2017-05-24",,,"0.00",,,"100","56","61"
"USC00043761","HAPPY CAMP RANGER STATION, CA US","2017-05-25",,,"0.00",,,"87","44","54"
"USC00043761","HAPPY CAMP RANGER STATION, CA US","2017-05-26",,,"0.00",,,"86","47","52"
"USC00043761","HAPPY CAMP RANGER STATION, CA US","2017-05-29",,,"0.00",,,,,
"USC00043761","HAPPY CAMP RANGER STATION, CA US","2017-05-30",,,"0.00",,,,,"59"
"USC00043761","HAPPY CAMP RANGER STATION, CA US","2017-05-31",,,"0.00",,,"77","53","56"
"USC00043761","HAPPY CAMP RANGER STATION, CA US","2017-06-01",,,"0.00",,,"82","48","50"
"USC00043761","HAPPY CAMP RANGER STATION, CA US","2017-06-02",,,"0.00",,,"83","48","52"
"USC00043761","HAPPY CAMP RANGER STATION, CA US","2017-06-05",,,"0.00",,,,,"51"
"USC00043761","HAPPY CAMP RANGER STATION, CA US","2017-06-06",,,"0.00",,,"91","50","51"
"USC00043761","HAPPY CAMP RANGER STATION, CA US","2017-06-07",,,"0.00",,,"89","51","56"
"USC00043761","HAPPY CAMP RANGER STATION, CA US","2017-06-08",,,"0.62",,,"76","55","56"
"USC00043761","HAPPY CAMP RANGER STATION, CA US","2017-06-09",,,"0.03",,,"70","49","52"
"USC00043761","HAPPY CAMP RANGER STATION, CA US","2017-06-12",,,"0.15",,,,,"49"
"USC00043761","HAPPY CAMP RANGER STATION, CA US","2017-06-13",,,"0.00",,,"76","44","48"
"USC00043761","HAPPY CAMP RANGER STATION, CA US","2017-06-14",,,"0.00",,,"78","45","49"
"USC00043761","HAPPY CAMP RANGER STATION, CA US","2017-06-15",,,"0.00",,,"81","49","56"
"USC00043761","HAPPY CAMP RANGER STATION, CA US","2017-06-16",,,"0.00",,,"75","56","59"
"USC00043761","HAPPY CAMP RANGER STATION, CA US","2017-06-19",,,"0.00",,,,,"62"
"USC00043761","HAPPY CAMP RANGER STATION, CA US","2017-06-20",,,"0.00",,,"103","62","68"
"USC00043761","HAPPY CAMP RANGER STATION, CA US","2017-06-21",,,"0.00",,,"92","59","65"
"USC00043761","HAPPY CAMP RANGER STATION, CA US","2017-06-22",,,"0.00",,,"95","56","64"
"USC00043761","HAPPY CAMP RANGER STATION, CA US","2017-06-23",,,"0.00",,,"100","57","65"
"USC00043761","HAPPY CAMP RANGER STATION, CA US","2017-06-26",,,"0.00",,,,,"66"
"USC00043761","HAPPY CAMP RANGER STATION, CA US","2017-06-27",,,"0.00",,,"94","54","59"
"USC00043761","HAPPY CAMP RANGER STATION, CA US","2017-06-28",,,"0.00",,,"99","55","59"
"USC00043761","HAPPY CAMP RANGER STATION, CA US","2017-06-29",,,"0.00",,,"94","57","58"
"USC00043761","HAPPY CAMP RANGER STATION, CA US","2017-06-30",,,"0.00",,,"98","54","60"
"USC00043761","HAPPY CAMP RANGER STATION, CA US","2017-07-03",,,"0.00",,,,,"61"
"USC00043761","HAPPY CAMP RANGER STATION, CA US","2017-07-04",,,"0.00",,,,,
"USC00043761","HAPPY CAMP RANGER STATION, CA US","2017-07-05",,,"0.00",,,"101","57","63"
"USC00043761","HAPPY CAMP RANGER STATION, CA US","2017-07-06",,,"0.00",,,"96","58","59"
"USC00043761","HAPPY CAMP RANGER STATION, CA US","2017-07-07",,,"0.00",,,"97","54","58"
"USC00043761","HAPPY CAMP RANGER STATION, CA US","2017-07-10",,,"0.00",,,,,"56"
"USC00043761","HAPPY CAMP RANGER STATION, CA US","2017-07-12",,,"0.00",,,"98","57","62"
"USC00043761","HAPPY CAMP RANGER STATION, CA US","2017-07-13",,,"0.00",,,"101","55","59"
"USC00043761","HAPPY CAMP RANGER STATION, CA US","2017-07-14",,,"0.00",,,"98","57","61"
"USC00043761","HAPPY CAMP RANGER STATION, CA US","2017-07-17",,,"0.00",,,,,"58"
"USC00043761","HAPPY CAMP RANGER STATION, CA US","2017-07-18",,,"0.00",,,"99","53","59"
"USC00043761","HAPPY CAMP RANGER STATION, CA US","2017-07-19",,,"0.00",,,"91","51","56"
"USC00043761","HAPPY CAMP RANGER STATION, CA US","2017-07-20",,,"0.00",,,"90","52","63"
"USC00043761","HAPPY CAMP RANGER STATION, CA US","2017-07-21",,,"0.00",,,"92","54","57"
"USC00043761","HAPPY CAMP RANGER STATION, CA US","2017-07-24",,,"0.00",,,,,"67"
"USC00043761","HAPPY CAMP RANGER STATION, CA US","2017-07-25",,,"0.08",,,"102","64","67"
"USC00043761","HAPPY CAMP RANGER STATION, CA US","2017-08-02",,,"0.00",,,"113","64","66"
"USC00043761","HAPPY CAMP RANGER STATION, CA US","2017-08-15",,,"0.00",,,"83","54","54"
"USC00043761","HAPPY CAMP RANGER STATION, CA US","2017-08-18",,,"0.00",,,,"54","56"
"USC00043761","HAPPY CAMP RANGER STATION, CA US","2017-08-21",,,"0.00",,,,,"56"
"USC00043761","HAPPY CAMP RANGER STATION, CA US","2017-08-22",,,"0.00",,,,"56","58"
"USC00043761","HAPPY CAMP RANGER STATION, CA US","2017-08-24",,,"0.00",,,"87","55","56"
"USC00043761","HAPPY CAMP RANGER STATION, CA US","2017-08-29",,,"0.00",,,"95","54","55"
"USC00043761","HAPPY CAMP RANGER STATION, CA US","2017-08-30",,,"0.00",,,"94","50","51"
"USC00043761","HAPPY CAMP RANGER STATION, CA US","2017-08-31",,,"0.00",,,"80","49","50"
"USC00043761","HAPPY CAMP RANGER STATION, CA US","2017-09-08",,,"0.25",,,"84","60","62"
"USC00043761","HAPPY CAMP RANGER STATION, CA US","2017-09-11",,,"0.00",,,,,"63"
"USC00043761","HAPPY CAMP RANGER STATION, CA US","2017-09-12",,,"0.00",,,"102","56","62"
"USC00043761","HAPPY CAMP RANGER STATION, CA US","2017-09-13",,,"0.00",,,"82","54","55"
"USC00043761","HAPPY CAMP RANGER STATION, CA US","2017-09-19",,,"0.73",,,"67","50","51"
"USC00043761","HAPPY CAMP RANGER STATION, CA US","2017-09-20",,,"0.15",,,"62","51","54"
"USC00043761","HAPPY CAMP RANGER STATION, CA US","2017-09-22",,,"0.00",,,"65","40","40"
"USC00043761","HAPPY CAMP RANGER STATION, CA US","2017-09-26",,,"0.00",,,"85","45","47"
"USC00043761","HAPPY CAMP RANGER STATION, CA US","2017-09-27",,,"0.00",,,"89","47","47"
"USC00043761","HAPPY CAMP RANGER STATION, CA US","2017-09-29",,,"0.00",,,"92","45","52"
"USC00043761","HAPPY CAMP RANGER STATION, CA US","2017-10-05",,,"0.00",,,"80","35","40"
"USC00043761","HAPPY CAMP RANGER STATION, CA US","2017-10-06",,,"0.00",,,"81","37","37"
"USC00043761","HAPPY CAMP RANGER STATION, CA US","2017-10-10",,,"0.00",,,,,"35"
"USC00043761","HAPPY CAMP RANGER STATION, CA US","2017-10-11",,,"0.00",,,"72","33","35"
"USC00043761","HAPPY CAMP RANGER STATION, CA US","2017-10-12",,,"0.00",,,"65","28","32"
"USC00043761","HAPPY CAMP RANGER STATION, CA US","2017-10-13",,,"0.00",,,"67","32","37"
"USC00043761","HAPPY CAMP RANGER STATION, CA US","2017-10-16",,,"0.00",,,,,"34"
"USC00043761","HAPPY CAMP RANGER STATION, CA US","2017-10-17",,,"0.00",,,"79","33","36"
"USC00043761","HAPPY CAMP RANGER STATION, CA US","2017-10-18",,,"0.00",,,"81","35","35"
"USC00043761","HAPPY CAMP RANGER STATION, CA US","2017-10-19",,,"0.00",,,"82","35","37"
"USC00043761","HAPPY CAMP RANGER STATION, CA US","2017-10-20",,,"1.05",,,"66","37","44"
"USC00043761","HAPPY CAMP RANGER STATION, CA US","2017-10-23","    3","0.80",,,,,,"49"
"USC00043761","HAPPY CAMP RANGER STATION, CA US","2017-10-24",,,"0.00",,,"82","45","46"
"USC00043761","HAPPY CAMP RANGER STATION, CA US","2017-10-25",,,"0.00",,,"84","45","46"
"USC00043761","HAPPY CAMP RANGER STATION, CA US","2017-10-26",,,"0.00",,,"80","40","42"
"USC00043761","HAPPY CAMP RANGER STATION, CA US","2017-10-27",,,"0.00",,,"80","42","45"
"USC00043761","HAPPY CAMP RANGER STATION, CA US","2017-10-30",,,"0.00",,,,,"43"
"USC00043761","HAPPY CAMP RANGER STATION, CA US","2017-11-01",,,"0.00",,,"77","35","37"
"USC00043761","HAPPY CAMP RANGER STATION, CA US","2017-11-02",,,"0.00",,,"72","37","42"
"USC00043761","HAPPY CAMP RANGER STATION, CA US","2017-11-03",,,"0.30",,,"62","42","47"
"USC00043761","HAPPY CAMP RANGER STATION, CA US","2017-11-07",,,"0.00",,,"62","35","37"
"USC00043761","HAPPY CAMP RANGER STATION, CA US","2017-11-09","    2","1.61",,,,"49","39","47"
"USC00043761","HAPPY CAMP RANGER STATION, CA US","2017-11-14","    5","0.31",,,,"52","39","41"
"USC00043761","HAPPY CAMP RANGER STATION, CA US","2017-11-15",,,"0.02",,,"56","41","44"
"USC00043761","HAPPY CAMP RANGER STATION, CA US","2017-11-16",,,"0.87",,,"49","42","44"
"USC00043761","HAPPY CAMP RANGER STATION, CA US","2017-11-17",,,"0.62",,,"47","36","36"
"USC00043761","HAPPY CAMP RANGER STATION, CA US","2017-11-20","    3","1.21",,,,,,"39"
"USC00043761","HAPPY CAMP RANGER STATION, CA US","2017-11-21",,,"1.80",,,"46","39","45"
"USC00043761","HAPPY CAMP RANGER STATION, CA US","2017-11-22",,,"0.07",,,"53","38","51"
"USC00043761","HAPPY CAMP RANGER STATION, CA US","2017-11-24","    2","0.95",,,,,,"38"
"USC00043761","HAPPY CAMP RANGER STATION, CA US","2017-11-27","    3","0.85",,,,,,"38"
"USC00043761","HAPPY CAMP RANGER STATION, CA US","2017-11-28",,,"0.00",,,"55","38","40"
"USC00043761","HAPPY CAMP RANGER STATION, CA US","2017-11-29",,,"0.06",,,"47","34","35"
"USC00043761","HAPPY CAMP RANGER STATION, CA US","2017-12-01",,,"0.00",,,"42","34","35"
"USC00043761","HAPPY CAMP RANGER STATION, CA US","2017-12-04","    3","0.71",,,,,,"29"
"USC00043761","HAPPY CAMP RANGER STATION, CA US","2017-12-05",,,"0.00",,,"52","28","28"
"USC00043761","HAPPY CAMP RANGER STATION, CA US","2017-12-06",,,"0.00",,,"53","28","29"
"USC00043761","HAPPY CAMP RANGER STATION, CA US","2017-12-07",,,"0.00",,,"62","27","27"
"USC00043761","HAPPY CAMP RANGER STATION, CA US","2017-12-08",,,"0.00",,,"56","26","29"
"USC00043761","HAPPY CAMP RANGER STATION, CA US","2017-12-13",,,"0.00",,,"54","29","29"
"USC00043761","HAPPY CAMP RANGER STATION, CA US","2017-12-14",,,"0.00",,,"52","29","30"
"USC00043761","HAPPY CAMP RANGER STATION, CA US","2017-12-15",,,"0.00",,,"55","30","31"
"USC00043761","HAPPY CAMP RANGER STATION, CA US","2017-12-18",,,"0.00",,,,,"28"
"USC00043761","HAPPY CAMP RANGER STATION, CA US","2017-12-19",,,"0.00",,,"54","28","32"
"USC00043761","HAPPY CAMP RANGER STATION, CA US","2017-12-20",,,"1.10",,,"47","32","32"
"USC00043761","HAPPY CAMP RANGER STATION, CA US","2017-12-21",,,"0.00",,,"45","28","28"
"USC00043761","HAPPY CAMP RANGER STATION, CA US","2017-12-22",,,"0.00",,,"49","28","33"
"USC00043761","HAPPY CAMP RANGER STATION, CA US","2017-12-27",,,"0.00",,,"55","33","40"
"USC00043761","HAPPY CAMP RANGER STATION, CA US","2017-12-28",,,"0.00",,,"55","39","39"
"USC00043761","HAPPY CAMP RANGER STATION, CA US","2017-12-29",,,"0.00",,,"49","39","39"
"USC00043761","HAPPY CAMP RANGER STATION, CA US","2018-01-02",,,"0.00",,,,,"38"
"USC00043761","HAPPY CAMP RANGER STATION, CA US","2018-01-04","    2","0.31",,,,"54","38","44"
"USC00043761","HAPPY CAMP RANGER STATION, CA US","2018-01-05",,,"0.30",,,"52","44","47"
"USC00043761","HAPPY CAMP RANGER STATION, CA US","2018-01-08","    3","0.05",,,,,,"37"
"USC00043761","HAPPY CAMP RANGER STATION, CA US","2018-01-09",,,"0.00",,,"46","37","43"
"USC00043761","HAPPY CAMP RANGER STATION, CA US","2018-01-10",,,"0.58",,,"56","38","38"
"USC00043761","HAPPY CAMP RANGER STATION, CA US","2018-01-11",,,"0.03",,,"46","38","44"
"USC00043761","HAPPY CAMP RANGER STATION, CA US","2018-01-12",,,"0.18",,,"55","40","41"
"USC00043761","HAPPY CAMP RANGER STATION, CA US","2018-01-16","    4","0.61",,,,,,"44"
"USC00043761","HAPPY CAMP RANGER STATION, CA US","2018-01-17",,,"0.00",,,"53","42","45"
"USC00043761","HAPPY CAMP RANGER STATION, CA US","2018-01-18",,,"1.04",,,"53","44","46"
"USC00043761","HAPPY CAMP RANGER STATION, CA US","2018-01-19",,,"0.85",,,"48","34","35"
"USC00043761","HAPPY CAMP RANGER STATION, CA US","2018-01-23","    4","1.50",,,,,,"38"
"USC00043761","HAPPY CAMP RANGER STATION, CA US","2018-01-24",,,"0.73",,,"46","37","41"
"USC00043761","HAPPY CAMP RANGER STATION, CA US","2018-01-25",,,"1.20",,,"42","31","31"
"USC00043761","HAPPY CAMP RANGER STATION, CA US","2018-01-26",,,"0.46",,,"40","31","34"
"USC00043761","HAPPY CAMP RANGER STATION, CA US","2018-01-29","    3","0.59",,,,,,"42"
"USC00043761","HAPPY CAMP RANGER STATION, CA US","2018-01-30",,,"0.00",,,"55","42","42"
"USC00043761","HAPPY CAMP RANGER STATION, CA US","2018-01-31",,,"0.00",,,"58","37","37"
"USC00043761","HAPPY CAMP RANGER STATION, CA US","2018-02-01",,,"0.00",,,"54","37","38"
"USC00043761","HAPPY CAMP RANGER STATION, CA US","2018-02-02",,,"0.00",,,"58","38","38"
"USC00043761","HAPPY CAMP RANGER STATION, CA US","2018-02-05",,,"0.00",,,,,"39"
"USC00043761","HAPPY CAMP RANGER STATION, CA US","2018-02-06",,,"0.00",,,"68","32","32"
"USC00043761","HAPPY CAMP RANGER STATION, CA US","2018-02-07",,,"0.00",,,"67","32","32"
"USC00043761","HAPPY CAMP RANGER STATION, CA US","2018-02-08",,,"0.00",,,"71","32","37"
"USC00043761","HAPPY CAMP RANGER STATION, CA US","2018-02-09",,,"0.00",,,"70","31","32"
"USC00043761","HAPPY CAMP RANGER STATION, CA US","2018-02-12","    3","0.05",,,,,,"32"
"USC00043761","HAPPY CAMP RANGER STATION, CA US","2018-02-13",,,"0.00",,,"55","26","26"
"USC00043761","HAPPY CAMP RANGER STATION, CA US","2018-02-14",,,"0.00",,,"62","26","32"
"USC00043761","HAPPY CAMP RANGER STATION, CA US","2018-02-15",,,"0.00",,,"57","27","29"
"USC00043761","HAPPY CAMP RANGER STATION, CA US","2018-02-16",,,"0.00",,,"62","27","27"
"USC00043761","HAPPY CAMP RANGER STATION, CA US","2018-02-20",,,"0.00",,,,,"24"
"USC00043761","HAPPY CAMP RANGER STATION, CA US","2018-02-21",,,"0.35",,,"45","24","33"
"USC00043761","HAPPY CAMP RANGER STATION, CA US","2018-02-22",,,"0.20",,,"47","29","30"
"USC00043761","HAPPY CAMP RANGER STATION, CA US","2018-02-23",,,"0.00",,,"50","25","25"
"USC00043761","HAPPY CAMP RANGER STATION, CA US","2018-02-26","    3","0.82",,,,,,"33"
"USC00043761","HAPPY CAMP RANGER STATION, CA US","2018-02-27",,,"0.00",,,"47","23","24"
"USC00043761","HAPPY CAMP RANGER STATION, CA US","2018-03-01",,,"1.19",,,"56","26","41"
"USC00043761","HAPPY CAMP RANGER STATION, CA US","2018-03-02",,,"0.88",,,"71","31","36"
"USC00043761","HAPPY CAMP RANGER STATION, CA US","2018-03-05",,,"0.00",,,,,"35"
"USC00043761","HAPPY CAMP RANGER STATION, CA US","2018-03-06",,,"0.00",,,"59","32","35"
"USC00043761","HAPPY CAMP RANGER STATION, CA US","2018-03-07",,,"0.00",,,"67","35","36"
"USC00043761","HAPPY CAMP RANGER STATION, CA US","2018-03-08",,,"0.81",,,"59","36","46"
"USC00043761","HAPPY CAMP RANGER STATION, CA US","2018-03-09",,,"1.46",,,"57","42","43"
"USC00043761","HAPPY CAMP RANGER STATION, CA US","2018-03-15",,,"0.10",,,"59","32","33"
"USC00043761","HAPPY CAMP RANGER STATION, CA US","2018-04-02",,,"0.00",,,,,"46"
"USC00043761","HAPPY CAMP RANGER STATION, CA US","2018-04-03",,,"0.00",,,"68","31","32"
"USC00043761","HAPPY CAMP RANGER STATION, CA US","2018-04-04",,,"0.00",,,"70","31","45"
"USC00043761","HAPPY CAMP RANGER STATION, CA US","2018-04-05",,,"0.00",,,"71","45","49"
"USC00043761","HAPPY CAMP RANGER STATION, CA US","2018-04-06",,,"1.06",,,"57","49","50"
"USC00043761","HAPPY CAMP RANGER STATION, CA US","2018-04-10",,,"2.20",,,"77","39","50"
"USC00043761","HAPPY CAMP RANGER STATION, CA US","2018-04-18",,,"0.00",,,"61","41","41"
"USC00043761","HAPPY CAMP RANGER STATION, CA US","2018-04-19",,,"0.00",,,"64","35","37"
"USC00043761","HAPPY CAMP RANGER STATION, CA US","2018-04-20",,,"0.00",,,"69","37","39"
"USC00043761","HAPPY CAMP RANGER STATION, CA US","2018-04-23",,,"0.00",,,,,"42"
"USC00043761","HAPPY CAMP RANGER STATION, CA US","2018-04-24",,,"0.00",,,"85","42","46"
"USC00043761","HAPPY CAMP RANGER STATION, CA US","2018-04-25",,,"0.00",,,"88","46","49"
"USC00043761","HAPPY CAMP RANGER STATION, CA US","2018-04-26",,,"0.00",,,"92","47","51"
"USC00043761","HAPPY CAMP RANGER STATION, CA US","2018-04-27",,,"0.00",,,"89","46","52"
"USC00043761","HAPPY CAMP RANGER STATION, CA US","2018-04-30","    2","0.25",,,,,,"45"
"USC00043761","HAPPY CAMP RANGER STATION, CA US","2018-05-01",,,"0.00",,,"64","35","38"
"USC00043761","HAPPY CAMP RANGER STATION, CA US","2018-05-02",,,"0.00",,,"72","38","44"
"USC00043761","HAPPY CAMP RANGER STATION, CA US","2018-05-03",,,"0.00",,,"71","41","46"
"USC00043761","HAPPY CAMP RANGER STATION, CA US","2018-05-04",,,"0.00",,,"84","45","48"
"USC00043761","HAPPY CAMP RANGER STATION, CA US","2018-05-07",,,"0.00",,,,,"49"
"USC00043761","HAPPY CAMP RANGER STATION, CA US","2018-05-08",,,"0.00",,,"89","49","52"
"USC00043761","HAPPY CAMP RANGER STATION, CA US","2018-05-09",,,"0.00",,,"80","52","55"
"USC00043761","HAPPY CAMP RANGER STATION, CA US","2018-05-10",,,"0.00",,,"79","43","46"
"USC00043761","HAPPY CAMP RANGER STATION, CA US","2018-05-11",,,"0.00",,,"73","41","46"
"USC00043761","HAPPY CAMP RANGER STATION, CA US","2018-05-14",,,"0.00",,,,,"53"
"USC00043761","HAPPY CAMP RANGER STATION, CA US","2018-05-15",,,"0.00",,,"92","52","56"
"USC00043761","HAPPY CAMP RANGER STATION, CA US","2018-05-16",,,"0.15",,,"83","56","56"
"USC00043761","HAPPY CAMP RANGER STATION, CA US","2018-05-17",,,"0.12",,,"70","52","55"
"USC00043761","HAPPY CAMP RANGER STATION, CA US","2018-05-18",,,"0.00",,,"86","50","53"
"USC00043761","HAPPY CAMP RANGER STATION, CA US","2018-05-21",,,"0.00",,,,,"46"
"USC00043761","HAPPY CAMP RANGER STATION, CA US","2018-05-22",,,"0.00",,,"87","46","54"
"USC00043761","HAPPY CAMP RANGER STATION, CA US","2018-05-23",,,"0.00",,,"93","54","59"
"USC00043761","HAPPY CAMP RANGER STATION, CA US","2018-05-24",,,"0.00",,,"88","55","59"
"USC00043761","HAPPY CAMP RANGER STATION, CA US","2018-05-25",,,"0.05",,,"87","56","58"
"USC00043761","HAPPY CAMP RANGER STATION, CA US","2018-05-28",,,"0.00",,,,,
"USC00043761","HAPPY CAMP RANGER STATION, CA US","2018-05-29",,,"0.00",,,,,"55"
"USC00043761","HAPPY CAMP RANGER STATION, CA US","2018-05-30",,,"0.00",,,"85","48","52"
"USC00043761","HAPPY CAMP RANGER STATION, CA US","2018-05-31",,,"0.00",,,"79","52","54"
"USC00043761","HAPPY CAMP RANGER STATION, CA US","2018-06-01",,,"0.00",,,"64","41","45"
"USC00043761","HAPPY CAMP RANGER STATION, CA US","2018-06-04",,,"0.00",,,,,"54"
"USC00043761","HAPPY CAMP RANGER STATION, CA US","2018-06-05",,,"0.00",,,"83","47","51"
"USC00043761","HAPPY CAMP RANGER STATION, CA US","2018-06-06",,,"0.00",,,"84","51","54"
"USC00043761","HAPPY CAMP RANGER STATION, CA US","2018-06-07",,,"0.00",,,"87","50","56"
"USC00043761","HAPPY CAMP RANGER STATION, CA US","2018-06-08",,,"0.00",,,"82","46","51"
"USC00043761","HAPPY CAMP RANGER STATION, CA US","2018-06-11",,,"0.72",,,,,"57"
"USC00043761","HAPPY CAMP RANGER STATION, CA US","2018-06-12",,,"0.00",,,"87","49","53"
"USC00043761","HAPPY CAMP RANGER STATION, CA US","2018-06-13",,,"0.00",,,"95","50","55"
"USC00043761","HAPPY CAMP RANGER STATION, CA US","2018-06-14",,,"0.00",,,"90","48","53"
"USC00043761","HAPPY CAMP RANGER STATION, CA US","2018-06-15",,,"0.00",,,"89","48","51"
"USC00043761","HAPPY CAMP RANGER STATION, CA US","2018-06-18",,,"0.00",,,,,"61"
"USC00043761","HAPPY CAMP RANGER STATION, CA US","2018-06-19",,,"0.00",,,"90","54","57"
"USC00043761","HAPPY CAMP RANGER STATION, CA US","2018-06-20",,,"0.00",,,"95","56","59"
"USC00043761","HAPPY CAMP RANGER STATION, CA US","2018-06-21",,,"0.00",,,"91","48","51"
"USC00043761","HAPPY CAMP RANGER STATION, CA US","2018-06-22",,,"0.00",,,"95","51","56"
"USC00043761","HAPPY CAMP RANGER STATION, CA US","2018-06-25",,,"0.00",,,,,"57"
"USC00043761","HAPPY CAMP RANGER STATION, CA US","2018-06-26",,,"0.00",,,"90","52","56"
"USC00043761","HAPPY CAMP RANGER STATION, CA US","2018-06-27",,,"0.00",,,"95","53","58"
"USC00043761","HAPPY CAMP RANGER STATION, CA US","2018-06-28",,,"0.00",,,"92","54","58"
"USC00043761","HAPPY CAMP RANGER STATION, CA US","2018-06-29",,,"0.00",,,"86","52","57"
"USC00043761","HAPPY CAMP RANGER STATION, CA US","2018-07-02",,,"0.00",,,,,"57"
"USC00043761","HAPPY CAMP RANGER STATION, CA US","2018-07-03",,,"0.00",,,"90","49","54"
"USC00043761","HAPPY CAMP RANGER STATION, CA US","2018-07-04",,,"0.00",,,,,
"USC00043761","HAPPY CAMP RANGER STATION, CA US","2018-07-05",,,"0.00",,,,,"58"
"USC00043761","HAPPY CAMP RANGER STATION, CA US","2018-07-06",,,"0.00",,,"87","54","56"
"USC00043761","HAPPY CAMP RANGER STATION, CA US","2018-07-09",,,"0.00",,,,,"55"
"USC00043761","HAPPY CAMP RANGER STATION, CA US","2018-07-10",,,"0.00",,,"91","52","54"
"USC00043761","HAPPY CAMP RANGER STATION, CA US","2018-07-11",,,"0.00",,,"93","54","60"
"USC00043761","HAPPY CAMP RANGER STATION, CA US","2018-07-12",,,"0.00",,,"105","60","65"
"USC00043761","HAPPY CAMP RANGER STATION, CA US","2018-07-13",,,"0.00",,,"108","64","65"
"USC00043761","HAPPY CAMP RANGER STATION, CA US","2018-07-16",,,"0.00",,,,,"67"
"USC00043761","HAPPY CAMP RANGER STATION, CA US","2018-07-17",,,"0.00",,,"103","61","64"
"USC00043761","HAPPY CAMP RANGER STATION, CA US","2018-07-18",,,"0.00",,,"105","54","57"
"USC00043761","HAPPY CAMP RANGER STATION, CA US","2018-07-19",,,"0.00",,,"100","57","60"
"USC00043761","HAPPY CAMP RANGER STATION, CA US","2018-07-20",,,"0.00",,,"101","58","61"
"USC00043761","HAPPY CAMP RANGER STATION, CA US","2018-07-23",,,"0.00",,,,,"65"
"USC00043761","HAPPY CAMP RANGER STATION, CA US","2018-07-24",,,"0.00",,,"104","64","66"
"USC00043761","HAPPY CAMP RANGER STATION, CA US","2018-07-25",,,"0.00",,,"106","60","62"
"USC00043761","HAPPY CAMP RANGER STATION, CA US","2018-07-26",,,"0.00",,,"106","59","61"
"USC00043761","HAPPY CAMP RANGER STATION, CA US","2018-07-27",,,"0.00",,,"102","59","61"
"USC00043761","HAPPY CAMP RANGER STATION, CA US","2018-07-30",,,"0.00",,,,,"58"
"USC00043761","HAPPY CAMP RANGER STATION, CA US","2018-07-31",,,"0.00",,,"97","58","61"
"USC00043761","HAPPY CAMP RANGER STATION, CA US","2018-08-01",,,"0.00",,,"90","57","57"
"USC00043761","HAPPY CAMP RANGER STATION, CA US","2018-08-02",,,"0.00",,,"102","52","54"
"USC00043761","HAPPY CAMP RANGER STATION, CA US","2018-08-03",,,"0.00",,,"92","54","56"
"USC00043761","HAPPY CAMP RANGER STATION, CA US","2018-08-06",,,"0.00",,,,,"52"
"USC00043761","HAPPY CAMP RANGER STATION, CA US","2018-08-07",,,"0.00",,,"96","51","56"
"USC00043761","HAPPY CAMP RANGER STATION, CA US","2018-08-08",,,"0.00",,,"92","56","61"
"USC00043761","HAPPY CAMP RANGER STATION, CA US","2018-08-09",,,"0.00",,,"98","59","61"
"USC00043761","HAPPY CAMP RANGER STATION, CA US","2018-08-10",,,"0.00",,,"100","57","58"
"USC00043761","HAPPY CAMP RANGER STATION, CA US","2018-08-13",,,"0.00",,,,,"57"
"USC00043761","HAPPY CAMP RANGER STATION, CA US","2018-08-14",,,"0.00",,,"97","56","57"
"USC00043761","HAPPY CAMP RANGER STATION, CA US","2018-08-15",,,"0.00",,,"99","54","55"
"USC00043761","HAPPY CAMP RANGER STATION, CA US","2018-08-16",,,"0.00",,,"99","55","56"
"USC00043761","HAPPY CAMP RANGER STATION, CA US","2018-08-17",,,"0.00",,,"97","51","52"
"USC00043761","HAPPY CAMP RANGER STATION, CA US","2018-08-20",,,"0.00",,,,,"53"
"USC00043761","HAPPY CAMP RANGER STATION, CA US","2018-08-21",,,"0.00",,,"102","52","56"
"USC00043761","HAPPY CAMP RANGER STATION, CA US","2018-08-22",,,"0.00",,,"96","56","56"
"USC00043761","HAPPY CAMP RANGER STATION, CA US","2018-08-23",,,"0.00",,,"91","55","56"
"USC00043761","HAPPY CAMP RANGER STATION, CA US","2018-08-24",,,"0.00",,,"94","51","52"
"USC00043761","HAPPY CAMP RANGER STATION, CA US","2018-08-27",,,"0.00",,,,,"55"
"USC00043761","HAPPY CAMP RANGER STATION, CA US","2018-08-28",,,"0.00",,,"95","54","55"
"USC00043761","HAPPY CAMP RANGER STATION, CA US","2018-08-29",,,"0.00",,,"97","54","56"
"USC00043761","HAPPY CAMP RANGER STATION, CA US","2018-08-30",,,"0.00",,,"94","55","57"
"USC00043761","HAPPY CAMP RANGER STATION, CA US","2018-08-31",,,"0.00",,,"93","52","53"
"USC00043761","HAPPY CAMP RANGER STATION, CA US","2018-09-04",,,"0.00",,,,,"54"
"USC00043761","HAPPY CAMP RANGER STATION, CA US","2018-09-05",,,"0.00",,,"102","54","56"
"USC00043761","HAPPY CAMP RANGER STATION, CA US","2018-09-06",,,"0.00",,,"101","52","53"
"USC00043761","HAPPY CAMP RANGER STATION, CA US","2018-09-07",,,"0.00",,,"97","52","53"
"USC00043761","HAPPY CAMP RANGER STATION, CA US","2018-09-10",,,"0.00",,,,,"48"
"USC00043761","HAPPY CAMP RANGER STATION, CA US","2018-09-11",,,"0.00",,,"90","45","45"
"USC00043761","HAPPY CAMP RANGER STATION, CA US","2018-09-12",,,"0.00",,,"78","44","45"
"USC00043761","HAPPY CAMP RANGER STATION, CA US","2018-09-13",,,"0.00",,,"75","44","45"
"USC00043761","HAPPY CAMP RANGER STATION, CA US","2018-09-14",,,"0.00",,,"80","44","44"
"USC00043761","HAPPY CAMP RANGER STATION, CA US","2018-09-17",,,"0.00",,,,,"44"
"USC00043761","HAPPY CAMP RANGER STATION, CA US","2018-09-18",,,"0.00",,,"85","44","45"
"USC00043761","HAPPY CAMP RANGER STATION, CA US","2018-09-19",,,"0.00",,,"86","43","43"
"USC00043761","HAPPY CAMP RANGER STATION, CA US","2018-09-20",,,"0.00",,,"83","41","41"
"USC00043761","HAPPY CAMP RANGER STATION, CA US","2018-09-21",,,"0.00",,,"90","41","49"
"USC00043761","HAPPY CAMP RANGER STATION, CA US","2018-09-24",,,"0.00",,,,,"40"
"USC00043761","HAPPY CAMP RANGER STATION, CA US","2018-09-25",,,"0.00",,,"90","40","41"
"USC00043761","HAPPY CAMP RANGER STATION, CA US","2018-09-26",,,"0.00",,,"96","41","42"
"USC00043761","HAPPY CAMP RANGER STATION, CA US","2018-09-27",,,"0.00",,,"89","42","44"
"USC00043761","HAPPY CAMP RANGER STATION, CA US","2018-09-28",,,"0.00",,,"93","44","46"
"USC00043761","HAPPY CAMP RANGER STATION, CA US","2018-10-01","    3","0.25",,,,,,"52"
"USC00043761","HAPPY CAMP RANGER STATION, CA US","2018-10-02",,,"0.09",,,,"52","56"
"USC00043761","HAPPY CAMP RANGER STATION, CA US","2018-10-03",,,"0.02",,,,"56","59"
"USC00043761","HAPPY CAMP RANGER STATION, CA US","2018-10-04",,,"0.27",,,,"56","56"
"USC00043761","HAPPY CAMP RANGER STATION, CA US","2018-10-05",,,"0.00",,,,"41","43"
"USC00043761","HAPPY CAMP RANGER STATION, CA US","2018-10-09","    4","0.33",,,,,,"47"
"USC00043761","HAPPY CAMP RANGER STATION, CA US","2018-10-10",,,"0.00",,,,"39","39"
"USC00043761","HAPPY CAMP RANGER STATION, CA US","2018-10-11",,,"0.00",,,,"39","40"
"USC00043761","HAPPY CAMP RANGER STATION, CA US","2018-10-12",,,"0.00",,,,"36","36"
"USC00043761","HAPPY CAMP RANGER STATION, CA US","2018-10-15",,,"0.00",,,,,"39"
"USC00043761","HAPPY CAMP RANGER STATION, CA US","2018-10-16",,,"0.00",,,,"33","33"
"USC00043761","HAPPY CAMP RANGER STATION, CA US","2018-10-17",,,"0.00",,,,"33","36"
"USC00043761","HAPPY CAMP RANGER STATION, CA US","2018-10-18",,,"0.00",,,,"36","36"
"USC00043761","HAPPY CAMP RANGER STATION, CA US","2018-10-19",,,"0.00",,,,"36","37"
"USC00043761","HAPPY CAMP RANGER STATION, CA US","2018-10-22",,,"0.00",,,,,"37"
"USC00043761","HAPPY CAMP RANGER STATION, CA US","2018-10-23",,,"0.00",,,,"37","37"
"USC00043761","HAPPY CAMP RANGER STATION, CA US","2018-10-24",,,"0.00",,,,"37","42"
"USC00043761","HAPPY CAMP RANGER STATION, CA US","2018-10-25",,,"0.00",,,,"42","43"
"USC00043761","HAPPY CAMP RANGER STATION, CA US","2018-10-29","    3","0.36",,,,,,"48"
"USC00043761","HAPPY CAMP RANGER STATION, CA US","2018-10-30",,,"0.02",,,,"40","40"
"USC00043761","HAPPY CAMP RANGER STATION, CA US","2018-10-31",,,"0.00",,,,"40","44"
"USC00043761","HAPPY CAMP RANGER STATION, CA US","2018-11-01",,,"0.00",,,"60","44","47"
"USC00043761","HAPPY CAMP RANGER STATION, CA US","2018-11-02",,,"0.00",,,"69","45","46"
"USC00043761","HAPPY CAMP RANGER STATION, CA US","2018-11-06",,,"0.00",,,"60","31","32"
"USC00043761","HAPPY CAMP RANGER STATION, CA US","2018-11-07",,,"0.00",,,"55","29","29"
"USC00043761","HAPPY CAMP RANGER STATION, CA US","2018-11-08",,,"0.00",,,"57","29","37"
"USC00043761","HAPPY CAMP RANGER STATION, CA US","2018-11-09",,,"0.00",,,"69","25","26"
"USC00043761","HAPPY CAMP RANGER STATION, CA US","2018-11-13",,,"0.00",,,"72","25","29"
"USC00043761","HAPPY CAMP RANGER STATION, CA US","2018-11-14",,,"0.00",,,"60","26","27"
"USC00043761","HAPPY CAMP RANGER STATION, CA US","2018-11-15",,,"0.00",,,"63","27","28"
"USC00043761","HAPPY CAMP RANGER STATION, CA US","2018-11-16",,,"0.00",,,"64","27","28"
"USC00043761","HAPPY CAMP RANGER STATION, CA US","2018-11-19",,,"0.00",,,,,"30"
"USC00043761","HAPPY CAMP RANGER STATION, CA US","2018-11-20",,,"0.00",,,"65","27","27"
"USC00043761","HAPPY CAMP RANGER STATION, CA US","2018-11-21",,,"0.02",,,"60","27","38"
"USC00043761","HAPPY CAMP RANGER STATION, CA US","2018-11-23","    2","2.50",,,,,,"44"
"USC00043761","HAPPY CAMP RANGER STATION, CA US","2018-11-26","    3","0.74",,,,,,"46"
"USC00043761","HAPPY CAMP RANGER STATION, CA US","2018-11-27",,,"1.05",,,"57","42","46"
"USC00043761","HAPPY CAMP RANGER STATION, CA US","2018-11-28",,,"0.53",,,"60","43","43"
"USC00043761","HAPPY CAMP RANGER STATION, CA US","2018-11-29",,,"0.25",,,"52","42","43"
"USC00043761","HAPPY CAMP RANGER STATION, CA US","2018-11-30",,,"0.07",,,"52","41","41"
"USC00043761","HAPPY CAMP RANGER STATION, CA US","2018-12-03","    3","1.42",,,,,,"31"
"USC00043761","HAPPY CAMP RANGER STATION, CA US","2018-12-04",,,"0.00",,,"45","30","34"
"USC00043761","HAPPY CAMP RANGER STATION, CA US","2018-12-06",,,"0.00",,,,,"33"
"USC00043761","HAPPY CAMP RANGER STATION, CA US","2018-12-07",,,"0.00",,,"53","31","33"
"USC00043761","HAPPY CAMP RANGER STATION, CA US","2018-12-10","    3","0.50",,,,,,"48"
"USC00043761","HAPPY CAMP RANGER STATION, CA US","2018-12-11",,,"0.00",,,"53","38","39"
"USC00043761","HAPPY CAMP RANGER STATION, CA US","2018-12-12",,,"0.21",,,"42","36","36"
"USC00043761","HAPPY CAMP RANGER STATION, CA US","2018-12-13",,,"0.00",,,"41","36","36"
"USC00043761","HAPPY CAMP RANGER STATION, CA US","2018-12-14",,,"0.00",,,"48","34","34"
"USC00043761","HAPPY CAMP RANGER STATION, CA US","2018-12-17","    3","1.30",,,,,,"35"
"USC00043761","HAPPY CAMP RANGER STATION, CA US","2018-12-18",,,"0.12",,,"53","35","50"
"USC00043761","HAPPY CAMP RANGER STATION, CA US","2018-12-19",,,"0.47",,,"51","43","43"
"USC00043761","HAPPY CAMP RANGER STATION, CA US","2018-12-20",,,"0.00",,,"53","42","42"
"USC00043761","HAPPY CAMP RANGER STATION, CA US","2018-12-21",,,"1.00",,,"45","38","38"
"USC00043761","HAPPY CAMP RANGER STATION, CA US","2019-01-28",,,,,,,,"34"
"USC00043761","HAPPY CAMP RANGER STATION, CA US","2019-01-29",,,"0.00",,,"52","34","38"
"USC00043761","HAPPY CAMP RANGER STATION, CA US","2019-01-30",,,"0.00",,,"66","36","36"
"USC00043761","HAPPY CAMP RANGER STATION, CA US","2019-01-31",,,"0.00",,,"53","35","35"
"USC00043761","HAPPY CAMP RANGER STATION, CA US","2019-02-01",,,"0.00",,,"63","32","39"
"USC00043761","HAPPY CAMP RANGER STATION, CA US","2019-02-04","    3","0.60",,,,"59","35","35"
"USC00043761","HAPPY CAMP RANGER STATION, CA US","2019-02-05",,,"0.00",,,"40","27","27"
"USC00043761","HAPPY CAMP RANGER STATION, CA US","2019-02-06",,,"0.00",,,"41","27","33"
"USC00043761","HAPPY CAMP RANGER STATION, CA US","2019-02-07",,,"0.00",,,"52","28","28"
"USC00043761","HAPPY CAMP RANGER STATION, CA US","2019-02-08",,,"0.00",,,"50","28","33"
"USC00043761","HAPPY CAMP RANGER STATION, CA US","2019-02-11","    3","1.18",,,,,,"30"
"USC00043761","HAPPY CAMP RANGER STATION, CA US","2019-02-12",,,"0.00",,,"45","30","37"
"USC00043761","HAPPY CAMP RANGER STATION, CA US","2019-02-13",,,"2.00","3.0",,"40","32","32"
"USC00043761","HAPPY CAMP RANGER STATION, CA US","2019-02-14",,,"1.90",,,"35","32","33"
"USC00043761","HAPPY CAMP RANGER STATION, CA US","2019-02-15",,,"1.50","3.5",,"49","31","31"
"USC00043761","HAPPY CAMP RANGER STATION, CA US","2019-02-19","    4","1.90",,,,,,"28"
"USC00043761","HAPPY CAMP RANGER STATION, CA US","2019-02-20",,,"0.00",,,"46","28","34"
"USC00043761","HAPPY CAMP RANGER STATION, CA US","2019-02-21",,,"0.10",,,"42","29","29"
"USC00043761","HAPPY CAMP RANGER STATION, CA US","2019-02-22",,,"0.00",,,"50","25","25"
"USC00043761","HAPPY CAMP RANGER STATION, CA US","2019-02-25","    3","2.05",,,,,,"33"
"USC00043761","HAPPY CAMP RANGER STATION, CA US","2019-02-26",,,"1.22",,,"40","32","33"
"USC00043761","HAPPY CAMP RANGER STATION, CA US","2019-02-27",,,"1.46","2.5",,"35","32","32"
"USC00043761","HAPPY CAMP RANGER STATION, CA US","2019-02-28",,,"0.60",,,"38","29","31"
"USC00043761","HAPPY CAMP RANGER STATION, CA US","2019-03-01",,,"0.20",,,"47","31","34"
"USC00043761","HAPPY CAMP RANGER STATION, CA US","2019-03-04","    3","0.00",,,,,,"36"
"USC00043761","HAPPY CAMP RANGER STATION, CA US","2019-03-05",,,"0.00",,,"62","33","34"
"USC00043761","HAPPY CAMP RANGER STATION, CA US","2019-03-06",,,"0.75",,,"42","34","38"
"USC00043761","HAPPY CAMP RANGER STATION, CA US","2019-03-07",,,"0.10",,,"49","34","34"
"USC00043761","HAPPY CAMP RANGER STATION, CA US","2019-03-08",,,"0.00",,,"56","32","33"
"USC00043761","HAPPY CAMP RANGER STATION, CA US","2019-03-11",,,"0.00",,,"58","30","32"
"USC00043761","HAPPY CAMP RANGER STATION, CA US","2019-03-12",,,"0.00",,,"68","31","39"
"USC00043761","HAPPY CAMP RANGER STATION, CA US","2019-03-13",,,"0.05",,,"53","29","29"
"USC00043761","HAPPY CAMP RANGER STATION, CA US","2019-03-14",,,"0.00",,,"60","28","28"
"USC00043761","HAPPY CAMP RANGER STATION, CA US","2019-03-15",,,"0.00",,,"69","28","29"
"USC00043761","HAPPY CAMP RANGER STATION, CA US","2019-03-18",,,"0.00",,,,,"32"
"USC00043761","HAPPY CAMP RANGER STATION, CA US","2019-03-19",,,"0.00",,,"80","32","37"
"USC00043761","HAPPY CAMP RANGER STATION, CA US","2019-03-21",,,"0.00",,,"66","40","42"
"USC00043761","HAPPY CAMP RANGER STATION, CA US","2019-03-22",,,"0.00",,,"68","34","36"
"USC00043761","HAPPY CAMP RANGER STATION, CA US","2019-03-25","    3","0.70",,,,,,"42"
"USC00043761","HAPPY CAMP RANGER STATION, CA US","2019-03-26",,,"0.90",,,"48","39","39"
"USC00043761","HAPPY CAMP RANGER STATION, CA US","2019-03-27",,,"0.45",,,"60","39","41"
"USC00043761","HAPPY CAMP RANGER STATION, CA US","2019-03-28",,,"0.41",,,"54","40","40"
"USC00043761","HAPPY CAMP RANGER STATION, CA US","2019-03-29",,,"0.10",,,"60","40","42"
"USC00043761","HAPPY CAMP RANGER STATION, CA US","2019-04-01",,,"0.10",,,,,"48"
"USC00043761","HAPPY CAMP RANGER STATION, CA US","2019-04-02",,,"0.49",,,"55","47","47"
"USC00043761","HAPPY CAMP RANGER STATION, CA US","2019-04-03",,,"0.04",,,"64","47","48"
"USC00043761","HAPPY CAMP RANGER STATION, CA US","2019-04-04",,,"0.00",,,"70","48","50"
"USC00043761","HAPPY CAMP RANGER STATION, CA US","2019-04-08","    3","2.60",,,,,,"54"
"USC00043761","HAPPY CAMP RANGER STATION, CA US","2019-04-09",,,"1.05",,,"60","43","45"
"USC00043761","HAPPY CAMP RANGER STATION, CA US","2019-04-10",,,"0.00",,,"61","37","37"
"USC00043761","HAPPY CAMP RANGER STATION, CA US","2019-04-11",,,"0.00",,,"68","37","43"
"USC00043761","HAPPY CAMP RANGER STATION, CA US","2019-04-12",,,"0.15",,,"52","43","45"
"USC00043761","HAPPY CAMP RANGER STATION, CA US","2019-04-15",,,"0.00",,,,,"40"
"USC00043761","HAPPY CAMP RANGER STATION, CA US","2019-04-16",,,"0.55",,,"49","39","42"
"USC00043761","HAPPY CAMP RANGER STATION, CA US","2019-04-17",,,"0.00",,,"70","42","45"
"USC00043761","HAPPY CAMP RANGER STATION, CA US","2019-04-18",,,"0.00",,,"80","43","45"
"USC00043761","HAPPY CAMP RANGER STATION, CA US","2019-04-19",,,"0.00",,,"89","45","50"
"USC00043761","HAPPY CAMP RANGER STATION, CA US","2019-04-22",,,"0.00",,,,,"43"
"USC00043761","HAPPY CAMP RANGER STATION, CA US","2019-04-23",,,"0.00",,,"85","43","51"
"USC00043761","HAPPY CAMP RANGER STATION, CA US","2019-04-24",,,"0.00",,,"87","51","54"
"USC00043761","HAPPY CAMP RANGER STATION, CA US","2019-04-25",,,"0.00",,,"87","49","53"
"USC00043761","HAPPY CAMP RANGER STATION, CA US","2019-04-26",,,"0.00",,,"90","44","48"
"USC00043761","HAPPY CAMP RANGER STATION, CA US","2019-04-29",,,"0.00",,,,,"44"
"USC00043761","HAPPY CAMP RANGER STATION, CA US","2019-04-30",,,"0.00","0.0","0.0","79","38","48"
"USC00043761","HAPPY CAMP RANGER STATION, CA US","2019-05-01",,,"0.00",,,"74","36","40"
"USC00043761","HAPPY CAMP RANGER STATION, CA US","2019-05-02",,,"0.00",,,"72","34","40"
"USC00043761","HAPPY CAMP RANGER STATION, CA US","2019-05-03",,,"0.00",,,"82","38","43"
"USC00043761","HAPPY CAMP RANGER STATION, CA US","2019-05-06",,,"0.00",,,,,"42"
"USC00043761","HAPPY CAMP RANGER STATION, CA US","2019-05-07",,,"0.00",,,"89","42","53"
"USC00043761","HAPPY CAMP RANGER STATION, CA US","2019-05-08",,,"0.00",,,"85","46","52"
"USC00043761","HAPPY CAMP RANGER STATION, CA US","2019-05-09",,,"0.00",,,"91","49","50"
"USC00043761","HAPPY CAMP RANGER STATION, CA US","2019-05-10",,,"0.00",,,"89","45","51"
"USC00043761","HAPPY CAMP RANGER STATION, CA US","2019-05-13",,,"0.00",,,,,"47"
"USC00043761","HAPPY CAMP RANGER STATION, CA US","2019-05-14",,,"0.00",,,"82","47","56"
"USC00043761","HAPPY CAMP RANGER STATION, CA US","2019-05-15",,,"0.06",,,"65","50","50"
"USC00043761","HAPPY CAMP RANGER STATION, CA US","2019-05-16",,,"0.59",,,"63","49","51"
"USC00043761","HAPPY CAMP RANGER STATION, CA US","2019-05-17",,,"0.10",,,"61","47","52"
"USC00043761","HAPPY CAMP RANGER STATION, CA US","2019-05-20",,,"0.30",,,,,"49"
"USC00043761","HAPPY CAMP RANGER STATION, CA US","2019-05-21",,,"0.75",,,"68","43","43"
"USC00043761","HAPPY CAMP RANGER STATION, CA US","2019-05-22",,,"0.80",,,"51","42","46"
"USC00043761","HAPPY CAMP RANGER STATION, CA US","2019-05-23",,,"0.00",,,"71","46","49"
"USC00043761","HAPPY CAMP RANGER STATION, CA US","2019-05-24",,,"0.00",,,"79","46","50"
"USC00043761","HAPPY CAMP RANGER STATION, CA US","2019-05-28",,,"0.37",,,,,"53"
"USC00043761","HAPPY CAMP RANGER STATION, CA US","2019-05-29",,,"0.00",,,"85","48","53"
"USC00043761","HAPPY CAMP RANGER STATION, CA US","2019-05-30",,,"0.00",,,"86","48","54"
"USC00043761","HAPPY CAMP RANGER STATION, CA US","2019-05-31",,,"0.00",,,"88","51","56"
"USC00043761","HAPPY CAMP RANGER STATION, CA US","2019-06-03",,,"0.00",,,,,"58"
"USC00043761","HAPPY CAMP RANGER STATION, CA US","2019-06-04",,,"0.00",,,"93","52","58"
"USC00043761","HAPPY CAMP RANGER STATION, CA US","2019-06-05",,,"0.00",,,"94","52","57"
"USC00043761","HAPPY CAMP RANGER STATION, CA US","2019-06-06",,,"0.00",,,"90","56","58"
"USC00043761","HAPPY CAMP RANGER STATION, CA US","2019-06-07",,,"0.00",,,"72","39","45"
"USC00043761","HAPPY CAMP RANGER STATION, CA US","2019-06-10",,,"0.00",,,,,"55"
"USC00043761","HAPPY CAMP RANGER STATION, CA US","2019-06-11",,,"0.00",,,"101","55","61"
"USC00043761","HAPPY CAMP RANGER STATION, CA US","2019-06-12",,,"0.00",,,"102","57","61"
"USC00043761","HAPPY CAMP RANGER STATION, CA US","2019-06-13",,,"0.00",,,"99","56","61"
"USC00043761","HAPPY CAMP RANGER STATION, CA US","2019-06-14",,,"0.00",,,"97","55","61"
"USC00043761","HAPPY CAMP RANGER STATION, CA US","2019-06-17",,,"0.00",,,,,"59"
"USC00043761","HAPPY CAMP RANGER STATION, CA US","2019-06-18",,,"0.00",,,"95","55","59"
"USC00043761","HAPPY CAMP RANGER STATION, CA US","2019-06-19",,,"0.00",,,"97","52","57"
"USC00043761","HAPPY CAMP RANGER STATION, CA US","2019-06-20",,,"0.00",,,"91","48","64"
"USC00043761","HAPPY CAMP RANGER STATION, CA US","2019-06-21",,,"0.00",,,"80","45","52"
"USC00043761","HAPPY CAMP RANGER STATION, CA US","2019-06-24",,,"0.00",,,,,"57"
"USC00043761","HAPPY CAMP RANGER STATION, CA US","2019-06-25",,,"0.00",,,"87","50","53"
"USC00043761","HAPPY CAMP RANGER STATION, CA US","2019-06-26",,,"0.00",,,"81","46","51"
"USC00043761","HAPPY CAMP RANGER STATION, CA US","2019-06-27",,,"0.02",,,"71","42","51"
"USC00043761","HAPPY CAMP RANGER STATION, CA US","2019-06-28",,,"0.00",,,"74","44","49"
"USC00043761","HAPPY CAMP RANGER STATION, CA US","2019-07-01",,,"0.00",,,,,"57"
"USC00043761","HAPPY CAMP RANGER STATION, CA US","2019-07-02",,,"0.00",,,"87","49","54"
"USC00043761","HAPPY CAMP RANGER STATION, CA US","2019-07-03",,,"0.00",,,"85","50","55"
"USC00043761","HAPPY CAMP RANGER STATION, CA US","2019-07-05",,,"0.00",,,,,"57"
"USC00043761","HAPPY CAMP RANGER STATION, CA US","2019-07-08",,,"0.00",,,,,"59"
"USC00043761","HAPPY CAMP RANGER STATION, CA US","2019-07-09",,,"0.00",,,"95","51","58"
"USC00043761","HAPPY CAMP RANGER STATION, CA US","2019-07-10",,,"0.00",,,"82","54","57"
"USC00043761","HAPPY CAMP RANGER STATION, CA US","2019-07-11",,,"0.00",,,"90","51","60"
"USC00043761","HAPPY CAMP RANGER STATION, CA US","2019-07-12",,,"0.00",,,"92","56","64"
"USC00043761","HAPPY CAMP RANGER STATION, CA US","2019-07-15",,,"0.00",,,,,"58"
"USC00043761","HAPPY CAMP RANGER STATION, CA US","2019-07-16",,,"0.00",,,"89","57","61"
"USC00043761","HAPPY CAMP RANGER STATION, CA US","2019-07-17",,,"0.00",,,"91","57","61"
"USC00043761","HAPPY CAMP RANGER STATION, CA US","2019-07-18",,,"0.00",,,"95","57","61"
"USC00043761","HAPPY CAMP RANGER STATION, CA US","2019-07-19",,,"0.00",,,"93","56","59"
"USC00043761","HAPPY CAMP RANGER STATION, CA US","2019-07-22",,,"0.00",,,,,"61"
"USC00043761","HAPPY CAMP RANGER STATION, CA US","2019-07-23",,,"0.00",,,"95","56","60"
"USC00043761","HAPPY CAMP RANGER STATION, CA US","2019-07-24",,,"0.00",,,"94","50","54"
"USC00043761","HAPPY CAMP RANGER STATION, CA US","2019-07-25",,,"0.00",,,"99","54","61"
"USC00043761","HAPPY CAMP RANGER STATION, CA US","2019-07-26",,,"0.00",,,"100","59","63"
"USC00043761","HAPPY CAMP RANGER STATION, CA US","2019-07-29",,,"0.00",,,,,"61"
"USC00043761","HAPPY CAMP RANGER STATION, CA US","2019-07-30",,,"0.00",,,"95","54","58"
"USC00043761","HAPPY CAMP RANGER STATION, CA US","2019-07-31",,,"0.00",,,"95","57","59"
"USC00043761","HAPPY CAMP RANGER STATION, CA US","2019-08-01",,,"0.00",,,"96","55","58"
"USC00043761","HAPPY CAMP RANGER STATION, CA US","2019-08-02",,,"0.00",,,"95","55","62"
"USC00043761","HAPPY CAMP RANGER STATION, CA US","2019-08-05",,,"0.00",,,,,"69"
"USC00043761","HAPPY CAMP RANGER STATION, CA US","2019-08-06",,,"0.00",,,"101","60","61"
"USC00043761","HAPPY CAMP RANGER STATION, CA US","2019-08-07",,,"0.00",,,"101","59","63"
"USC00043761","HAPPY CAMP RANGER STATION, CA US","2019-08-08",,,"0.00",,,"97","56","58"
"USC00043761","HAPPY CAMP RANGER STATION, CA US","2019-08-09",,,"0.00",,,"89","58","60"
"USC00043761","HAPPY CAMP RANGER STATION, CA US","2019-08-12",,,"0.00",,,,,"55"
"USC00043761","HAPPY CAMP RANGER STATION, CA US","2019-08-14",,,"0.00",,,"97","55","62"
"USC00043761","HAPPY CAMP RANGER STATION, CA US","2019-08-15",,,"0.00",,,"100","58","61"
"USC00043761","HAPPY CAMP RANGER STATION, CA US","2019-08-16",,,"0.00",,,"99","55","59"
"USC00043761","HAPPY CAMP RANGER STATION, CA US","2019-08-19",,,"0.00",,,,,"58"
"USC00043761","HAPPY CAMP RANGER STATION, CA US","2019-08-20",,,"0.00",,,"96","56","60"
"USC00043761","HAPPY CAMP RANGER STATION, CA US","2019-08-21",,,"0.00",,,"93","59","61"
"USC00043761","HAPPY CAMP RANGER STATION, CA US","2019-08-22",,,"0.69",,,"81","61","62"
"USC00043761","HAPPY CAMP RANGER STATION, CA US","2019-08-23",,,"0.00",,,"98","54","57"
"USC00043761","HAPPY CAMP RANGER STATION, CA US","2019-08-26",,,"0.00",,,,,"59"
"USC00043761","HAPPY CAMP RANGER STATION, CA US","2019-08-27",,,"0.00",,,"104","58","61"
"USC00043761","HAPPY CAMP RANGER STATION, CA US","2019-08-28",,,"0.00",,,"107","60","64"
"USC00043761","HAPPY CAMP RANGER STATION, CA US","2019-08-29",,,"0.00",,,"91","59","61"
"USC00043761","HAPPY CAMP RANGER STATION, CA US","2019-08-30",,,"0.00",,,"95","56","58"
"USC00043761","HAPPY CAMP RANGER STATION, CA US","2019-09-02",,,"0.00",,,,,
"USC00043761","HAPPY CAMP RANGER STATION, CA US","2019-09-03",,,"0.00",,,,,"56"
"USC00043761","HAPPY CAMP RANGER STATION, CA US","2019-09-04",,,"0.00",,,"96","54","57"
"USC00043761","HAPPY CAMP RANGER STATION, CA US","2019-09-05",,,"0.02",,,"101","57","64"
"USC00043761","HAPPY CAMP RANGER STATION, CA US","2019-09-06",,,"0.00",,,"99","53","55"
"USC00043761","HAPPY CAMP RANGER STATION, CA US","2019-09-09",,,"0.00",,,,,"57"
"USC00043761","HAPPY CAMP RANGER STATION, CA US","2019-09-10",,,"0.00",,,"78","50","51"
"USC00043761","HAPPY CAMP RANGER STATION, CA US","2019-09-11",,,"0.00",,,"77","47","49"
"USC00043761","HAPPY CAMP RANGER STATION, CA US","2019-09-12",,,"0.00",,,"86","49","50"
"USC00043761","HAPPY CAMP RANGER STATION, CA US","2019-09-13",,,"0.00",,,"95","50","53"
"USC00043761","HAPPY CAMP RANGER STATION, CA US","2019-09-16",,,"0.70",,,,,"54"
"USC00043761","HAPPY CAMP RANGER STATION, CA US","2019-09-17",,,"0.25",,,"60","50","51"
"USC00043761","HAPPY CAMP RANGER STATION, CA US","2019-09-18",,,"0.50","0.0","0.0","65","50","55"
"USC00043761","HAPPY CAMP RANGER STATION, CA US","2019-09-19",,,"0.17",,,"60","51","51"
"USC00043761","HAPPY CAMP RANGER STATION, CA US","2019-09-20",,,"0.02",,,"73","47","49"
"USC00043761","HAPPY CAMP RANGER STATION, CA US","2019-09-23",,,"0.00",,,,,"48"
"USC00043761","HAPPY CAMP RANGER STATION, CA US","2019-09-24",,,"0.00",,,"84","48","49"
"USC00043761","HAPPY CAMP RANGER STATION, CA US","2019-09-25",,,"0.00",,,"91","49","53"
"USC00043761","HAPPY CAMP RANGER STATION, CA US","2019-09-27",,,"0.00",,,"93","52","53"
"USC00043761","HAPPY CAMP RANGER STATION, CA US","2019-09-30",,,"0.50",,,,,"44"
"USC00043761","HAPPY CAMP RANGER STATION, CA US","2019-10-01",,,"0.00","0.0","0.0","62","39","40"
"USC00043761","HAPPY CAMP RANGER STATION, CA US","2019-10-02",,,"0.00","0.0","0.0","70","40","40"
"USC00043761","HAPPY CAMP RANGER STATION, CA US","2019-10-03",,,"0.00","0.0","0.0","67","40","50"
"USC00043761","HAPPY CAMP RANGER STATION, CA US","2019-10-04",,,"0.00","0.0","0.0","66","41","42"
"USC00043761","HAPPY CAMP RANGER STATION, CA US","2019-10-05",,,,"0.0","0.0",,,
"USC00043761","HAPPY CAMP RANGER STATION, CA US","2019-10-06",,,,"0.0","0.0",,,
"USC00043761","HAPPY CAMP RANGER STATION, CA US","2019-10-07","    3","0.00",,"0.0","0.0",,,"38"
"USC00043761","HAPPY CAMP RANGER STATION, CA US","2019-10-08",,,"0.00","0.0","0.0","80","38","41"
"USC00043761","HAPPY CAMP RANGER STATION, CA US","2019-10-09",,,"0.00","0.0","0.0","79","35","35"
"USC00043761","HAPPY CAMP RANGER STATION, CA US","2019-10-10",,,"0.00","0.0","0.0","68","35","39"
"USC00043761","HAPPY CAMP RANGER STATION, CA US","2019-10-11",,,"0.00","0.0","0.0","74","31","32"
"USC00043761","HAPPY CAMP RANGER STATION, CA US","2019-10-12",,,,"0.0","0.0",,,
"USC00043761","HAPPY CAMP RANGER STATION, CA US","2019-10-13",,,,"0.0","0.0",,,
"USC00043761","HAPPY CAMP RANGER STATION, CA US","2019-10-14",,,,"0.0","0.0",,,
"USC00043761","HAPPY CAMP RANGER STATION, CA US","2019-10-15","    4","0.00",,"0.0","0.0",,,"39"
"USC00043761","HAPPY CAMP RANGER STATION, CA US","2019-10-16",,,"0.00","0.0","0.0","76","37","38"
"USC00043761","HAPPY CAMP RANGER STATION, CA US","2019-10-17",,,"0.49","0.0","0.0","57","37","45"
"USC00043761","HAPPY CAMP RANGER STATION, CA US","2019-10-18",,,"0.07","0.0","0.0","60","45","50"
"USC00043761","HAPPY CAMP RANGER STATION, CA US","2019-10-19",,,,"0.0","0.0",,,
"USC00043761","HAPPY CAMP RANGER STATION, CA US","2019-10-20",,,,"0.0","0.0",,,
"USC00043761","HAPPY CAMP RANGER STATION, CA US","2019-10-21","    3","0.47",,"0.0","0.0",,,"46"
"USC00043761","HAPPY CAMP RANGER STATION, CA US","2019-10-22",,,"0.00","0.0","0.0","74","45","45"
"USC00043761","HAPPY CAMP RANGER STATION, CA US","2019-10-23",,,"0.00","0.0","0.0","78","42","42"
"USC00043761","HAPPY CAMP RANGER STATION, CA US","2019-10-24",,,"0.00","0.0","0.0","77","38","39"
"USC00043761","HAPPY CAMP RANGER STATION, CA US","2019-10-25",,,"0.00","0.0","0.0","83","38","38"
"USC00043761","HAPPY CAMP RANGER STATION, CA US","2019-10-26",,,,"0.0","0.0",,,
"USC00043761","HAPPY CAMP RANGER STATION, CA US","2019-10-27",,,,"0.0","0.0",,,
"USC00043761","HAPPY CAMP RANGER STATION, CA US","2019-10-28","    3","0.00",,"0.0","0.0",,,"27"
"USC00043761","HAPPY CAMP RANGER STATION, CA US","2019-10-29",,,,"0.0","0.0",,,
"USC00043761","HAPPY CAMP RANGER STATION, CA US","2019-10-30","    2","0.00",,"0.0","0.0","64","30","30"
"USC00043761","HAPPY CAMP RANGER STATION, CA US","2019-10-31",,,"0.00","0.0","0.0","67","26","26"
"USC00043761","HAPPY CAMP RANGER STATION, CA US","2019-11-01",,,"0.00",,,"67","26","28"
"USC00043761","HAPPY CAMP RANGER STATION, CA US","2019-11-04",,,"0.00",,,"74","28","34"
"USC00043761","HAPPY CAMP RANGER STATION, CA US","2019-11-05",,,"0.00",,,"76","34","35"
"USC00043761","HAPPY CAMP RANGER STATION, CA US","2019-11-06",,,"0.00",,,"74","33","35"
"USC00043761","HAPPY CAMP RANGER STATION, CA US","2019-11-07",,,"0.00",,,"74","33","34"
"USC00043761","HAPPY CAMP RANGER STATION, CA US","2019-11-08",,,"0.00",,,"71","34","35"
"USC00043761","HAPPY CAMP RANGER STATION, CA US","2019-11-12",,,"0.00",,,,,"43"
"USC00043761","HAPPY CAMP RANGER STATION, CA US","2019-11-13",,,"0.00",,,"69","37","39"
"USC00043761","HAPPY CAMP RANGER STATION, CA US","2019-11-14",,,"0.00",,,"68","39","41"
"USC00043761","HAPPY CAMP RANGER STATION, CA US","2019-11-15",,,"0.00",,,"63","41","46"
"USC00043761","HAPPY CAMP RANGER STATION, CA US","2019-11-18",,,"0.00",,,,,"41"
"USC00043761","HAPPY CAMP RANGER STATION, CA US","2019-11-19",,,"0.00",,,"63","41","46"
"USC00043761","HAPPY CAMP RANGER STATION, CA US","2019-11-20",,,"0.00",,,"60","34","35"
"USC00043761","HAPPY CAMP RANGER STATION, CA US","2019-11-21",,,"0.00",,,"62","33","34"
"USC00043761","HAPPY CAMP RANGER STATION, CA US","2019-11-22",,,"0.00",,,"63","28","29"
"USC00043761","HAPPY CAMP RANGER STATION, CA US","2019-11-25",,,"0.00",,,,,"31"
"USC00043761","HAPPY CAMP RANGER STATION, CA US","2019-11-26",,,"0.00",,,"56","29","31"
"USC00043761","HAPPY CAMP RANGER STATION, CA US","2019-11-27",,,"0.50","3.0","5.0","44","31","33"
"USC00043761","HAPPY CAMP RANGER STATION, CA US","2019-11-29","    2","0.10",,,,,,"31"
"USC00043761","HAPPY CAMP RANGER STATION, CA US","2019-12-01",,,,"0.0","0.0",,,
"USC00043761","HAPPY CAMP RANGER STATION, CA US","2019-12-02","    3","0.42",,"0.0","0.0",,,"34"
"USC00043761","HAPPY CAMP RANGER STATION, CA US","2019-12-03",,,"0.00","0.0","0.0","44","33","36"
"USC00043761","HAPPY CAMP RANGER STATION, CA US","2019-12-04",,,"0.00","0.0","0.0","54","36","37"
"USC00043761","HAPPY CAMP RANGER STATION, CA US","2019-12-05",,,"0.00","0.0","0.0","48","37","38"
"USC00043761","HAPPY CAMP RANGER STATION, CA US","2019-12-06",,,"0.00","0.0","0.0","54","37","38"
"USC00043761","HAPPY CAMP RANGER STATION, CA US","2019-12-07",,,,"0.0","0.0",,,
"USC00043761","HAPPY CAMP RANGER STATION, CA US","2019-12-08",,,,"0.0","0.0",,,
"USC00043761","HAPPY CAMP RANGER STATION, CA US","2019-12-09","    3","1.40",,"0.0","0.0",,,"41"
"USC00043761","HAPPY CAMP RANGER STATION, CA US","2019-12-10",,,"0.00","0.0","0.0","47","39","41"
"USC00043761","HAPPY CAMP RANGER STATION, CA US","2019-12-11",,,"0.18","0.0","0.0","46","41","42"
"USC00043761","HAPPY CAMP RANGER STATION, CA US","2019-12-12",,,"0.90","0.0","0.0","45","41","44"
"USC00043761","HAPPY CAMP RANGER STATION, CA US","2019-12-13",,,"1.12","0.0","0.0","51","44","45"
"USC00043761","HAPPY CAMP RANGER STATION, CA US","2019-12-14",,,,"0.0","0.0",,,
"USC00043761","HAPPY CAMP RANGER STATION, CA US","2019-12-15",,,,"0.0","0.0",,,
"USC00043761","HAPPY CAMP RANGER STATION, CA US","2019-12-16","    3","1.50",,"0.0","0.0",,,"36"
"USC00043761","HAPPY CAMP RANGER STATION, CA US","2019-12-17",,,"0.00","0.0","0.0","48","34","35"
"USC00043761","HAPPY CAMP RANGER STATION, CA US","2019-12-18",,,"0.00","0.0","0.0","43","33","34"
"USC00043761","HAPPY CAMP RANGER STATION, CA US","2019-12-19",,,"0.51","0.0","0.0","43","34","40"
"USC00043761","HAPPY CAMP RANGER STATION, CA US","2019-12-20",,,"0.22","0.0","0.0","57","34","54"
"USC00043761","HAPPY CAMP RANGER STATION, CA US","2019-12-21",,,,"0.0","0.0",,,
"USC00043761","HAPPY CAMP RANGER STATION, CA US","2019-12-22",,,,"0.0","0.0",,,
"USC00043761","HAPPY CAMP RANGER STATION, CA US","2019-12-23",,,,"0.0","0.0",,,"48"
"USC00043761","HAPPY CAMP RANGER STATION, CA US","2019-12-24",,,,"0.0","0.0",,,
"USC00043761","HAPPY CAMP RANGER STATION, CA US","2019-12-25",,,,"0.0","0.0",,,
"USC00043761","HAPPY CAMP RANGER STATION, CA US","2019-12-26",,,"0.00","0.0","0.0",,,"34"
"USC00043761","HAPPY CAMP RANGER STATION, CA US","2019-12-27",,,"0.00","0.0","0.0","49","31","33"
"USC00043761","HAPPY CAMP RANGER STATION, CA US","2019-12-28",,,,"0.0","0.0",,,
"USC00043761","HAPPY CAMP RANGER STATION, CA US","2019-12-29",,,,"0.0","0.0",,,
"USC00043761","HAPPY CAMP RANGER STATION, CA US","2019-12-30","    3","0.32",,"0.0","0.0",,,"37"
"USC00043761","HAPPY CAMP RANGER STATION, CA US","2019-12-31",,,"0.00","0.0","0.0","54","37","38"
"USC00043761","HAPPY CAMP RANGER STATION, CA US","2020-01-01",,,,"0.0","0.0",,,
"USC00043761","HAPPY CAMP RANGER STATION, CA US","2020-01-02","    2","0.26",,"0.0","0.0",,,"42"
"USC00043761","HAPPY CAMP RANGER STATION, CA US","2020-01-03",,,"0.00","0.0","0.0","52","42","42"
"USC00043761","HAPPY CAMP RANGER STATION, CA US","2020-01-04",,,,"0.0","0.0",,,
"USC00043761","HAPPY CAMP RANGER STATION, CA US","2020-01-05",,,,"0.0","0.0",,,
"USC00043761","HAPPY CAMP RANGER STATION, CA US","2020-01-06","    3","0.41",,"0.0","0.0",,,"38"
"USC00043761","HAPPY CAMP RANGER STATION, CA US","2020-01-07",,,"0.38","0.0","0.0","49","38","38"
"USC00043761","HAPPY CAMP RANGER STATION, CA US","2020-01-08",,,"0.42","0.0","0.0","42","38","42"
"USC00043761","HAPPY CAMP RANGER STATION, CA US","2020-01-09",,,"0.01","0.0","0.0","49","38","38"
"USC00043761","HAPPY CAMP RANGER STATION, CA US","2020-01-10",,,"0.00","0.0","0.0","52","33","34"
"USC00043761","HAPPY CAMP RANGER STATION, CA US","2020-01-11",,,,"0.0","0.0",,,
"USC00043761","HAPPY CAMP RANGER STATION, CA US","2020-01-12",,,,"0.0","0.0",,,
"USC00043761","HAPPY CAMP RANGER STATION, CA US","2020-01-13","    3","1.07",,"0.0","0.0",,,"36"
"USC00043761","HAPPY CAMP RANGER STATION, CA US","2020-01-14",,,"1.05","0.0","0.0","42","32","33"
"USC00043761","HAPPY CAMP RANGER STATION, CA US","2020-01-15",,,"0.45","0.0","0.0","42","32","34"
"USC00043761","HAPPY CAMP RANGER STATION, CA US","2020-01-16",,,"0.20","7.0","7.0","38","31","31"
"USC00043761","HAPPY CAMP RANGER STATION, CA US","2020-01-17",,,"0.32","2.0","9.0","35","31","34"
"USC00043761","HAPPY CAMP RANGER STATION, CA US","2020-01-18",,,,"0.0","0.0",,,
"USC00043761","HAPPY CAMP RANGER STATION, CA US","2020-01-19",,,,"0.0","0.0",,,
"USC00043761","HAPPY CAMP RANGER STATION, CA US","2020-01-20",,,,"0.0","0.0",,,
"USC00043761","HAPPY CAMP RANGER STATION, CA US","2020-01-21","    4","1.80",,"0.0","0.0",,,"38"
"USC00043761","HAPPY CAMP RANGER STATION, CA US","2020-01-22",,,"0.21","0.0","0.0","46","36","39"
"USC00043761","HAPPY CAMP RANGER STATION, CA US","2020-01-23",,,"0.18","0.0","0.0","44","39","40"
"USC00043761","HAPPY CAMP RANGER STATION, CA US","2020-01-24",,,"1.10","0.0","0.0","44","39","40"
"USC00043761","HAPPY CAMP RANGER STATION, CA US","2020-01-25",,,,"0.0","0.0",,,
"USC00043761","HAPPY CAMP RANGER STATION, CA US","2020-01-26",,,,"0.0","0.0",,,
"USC00043761","HAPPY CAMP RANGER STATION, CA US","2020-01-27","    3","2.01",,"0.0","0.0",,,"40"
"USC00043761","HAPPY CAMP RANGER STATION, CA US","2020-01-28",,,"0.65","0.0","0.0","53","40","45"
"USC00043761","HAPPY CAMP RANGER STATION, CA US","2020-01-29",,,"0.10","0.0","0.0","54","42","43"
"USC00043761","HAPPY CAMP RANGER STATION, CA US","2020-01-30",,,"0.11","0.0","0.0","50","43","45"
"USC00043761","HAPPY CAMP RANGER STATION, CA US","2020-01-31",,,"0.00","0.0","0.0","57","44","46"
"USC00043761","HAPPY CAMP RANGER STATION, CA US","2020-02-03",,,"0.00",,,,,"31"
"USC00043761","HAPPY CAMP RANGER STATION, CA US","2020-02-04",,,"0.00",,,"49","25","26"
"USC00043761","HAPPY CAMP RANGER STATION, CA US","2020-02-05",,,"0.00",,,"52","26","36"
"USC00043761","HAPPY CAMP RANGER STATION, CA US","2020-02-06",,,"0.00",,,"57","36","39"
"USC00043761","HAPPY CAMP RANGER STATION, CA US","2020-02-07",,,"0.00",,,"67","33","33"
"USC00043761","HAPPY CAMP RANGER STATION, CA US","2020-02-10",,,"0.00",,,,,"67"
"USC00043761","HAPPY CAMP RANGER STATION, CA US","2020-02-11",,,"0.00",,,"69","26","30"
"USC00043761","HAPPY CAMP RANGER STATION, CA US","2020-02-12",,,"0.00",,,"71","28","30"
"USC00043761","HAPPY CAMP RANGER STATION, CA US","2020-02-13",,,"0.00",,,"65","29","31"
"USC00043761","HAPPY CAMP RANGER STATION, CA US","2020-02-14",,,"0.00",,,"64","29","30"
"USC00043761","HAPPY CAMP RANGER STATION, CA US","2020-02-18",,,"0.00",,,"62","26","26"
"USC00043761","HAPPY CAMP RANGER STATION, CA US","2020-02-19",,,"0.00",,,"64","24","26"
"USC00043761","HAPPY CAMP RANGER STATION, CA US","2020-02-20",,,"0.00",,,"64","26","26"
"USC00043761","HAPPY CAMP RANGER STATION, CA US","2020-02-21",,,"0.00",,,"61","26","33"
"USC00043761","HAPPY CAMP RANGER STATION, CA US","2020-02-24",,,"0.00",,,,,"30"
"USC00043761","HAPPY CAMP RANGER STATION, CA US","2020-02-25",,,"0.00",,,"66","29","30"
"USC00043761","HAPPY CAMP RANGER STATION, CA US","2020-02-26",,,"0.00",,,"69","29","30"
"USC00043761","HAPPY CAMP RANGER STATION, CA US","2020-02-27",,,"0.00",,,"73","29","33"
"USC00043761","HAPPY CAMP RANGER STATION, CA US","2020-02-28",,,"0.00",,,"76","31","31"
"USC00043761","HAPPY CAMP RANGER STATION, CA US","2020-03-02",,,"0.00",,,,,"33"
"USC00043761","HAPPY CAMP RANGER STATION, CA US","2020-03-03",,,"0.00",,,"67","31","34"
"USC00043761","HAPPY CAMP RANGER STATION, CA US","2020-03-04",,,"0.00",,,"75","33","35"
"USC00043761","HAPPY CAMP RANGER STATION, CA US","2020-03-05",,,"0.00",,,"77","33","35"
"USC00043761","HAPPY CAMP RANGER STATION, CA US","2020-03-06",,,"0.00",,,"75","35","39"
"USC00043761","HAPPY CAMP RANGER STATION, CA US","2020-03-09","    2","0.10",,,,,,"42"
"USC00043761","HAPPY CAMP RANGER STATION, CA US","2020-03-10",,,"0.00",,,"64","34","35"
"USC00043761","HAPPY CAMP RANGER STATION, CA US","2020-03-11",,,"0.00",,,"74","34","34"
"USC00043761","HAPPY CAMP RANGER STATION, CA US","2020-03-13",,,"0.00",,,"75","32","32"
"USC00043761","HAPPY CAMP RANGER STATION, CA US","2020-03-17",,,"0.00",,,"54","33","38"
"USC00043761","HAPPY CAMP RANGER STATION, CA US","2020-03-19",,,"0.00",,,"60","31","33"
"USC00043761","HAPPY CAMP RANGER STATION, CA US","2020-05-02","    2",,,,,,,
"USC00043761","HAPPY CAMP RANGER STATION, CA US","2020-05-03","    2",,,,,,,
"USC00043761","HAPPY CAMP RANGER STATION, CA US","2020-05-04","    2",,,,,,,
"USC00043761","HAPPY CAMP RANGER STATION, CA US","2020-05-05","    2",,,,,,,
"USC00043761","HAPPY CAMP RANGER STATION, CA US","2020-09-01","    2",,,,,,,
"USC00043761","HAPPY CAMP RANGER STATION, CA US","2020-10-01","    2",,,,,,,
"USC00043761","HAPPY CAMP RANGER STATION, CA US","2020-12-01","    2",,,,,,,
"USC00043761","HAPPY CAMP RANGER STATION, CA US","2021-02-01","    2",,,,,,,
"USC00043761","HAPPY CAMP RANGER STATION, CA US","2021-03-01","    2",,,,,,,
"USC00043761","HAPPY CAMP RANGER STATION, CA US","2021-04-26","    4","3.15",,,,,,"53"
"USC00043761","HAPPY CAMP RANGER STATION, CA US","2021-05-19",,,"0.01",,,,,
"USC00043761","HAPPY CAMP RANGER STATION, CA US","2021-05-20",,,"0.01",,,,,
"USC00043761","HAPPY CAMP RANGER STATION, CA US","2021-06-01","    2",,,,,,,
"USC00043761","HAPPY CAMP RANGER STATION, CA US","2021-07-27",,,"0.14",,,,,
"USC00043761","HAPPY CAMP RANGER STATION, CA US","2021-08-24",,,"0.00",,,,,"89"
"USC00043761","HAPPY CAMP RANGER STATION, CA US","2021-09-05",,,"0.00","0.0","0.0","90","48","52"
"USC00043761","HAPPY CAMP RANGER STATION, CA US","2021-09-10",,,"0.43",,,,,"67"
"USC00043761","HAPPY CAMP RANGER STATION, CA US","2021-09-18",,,"0.98",,,"68","52","62"
"USC00043761","HAPPY CAMP RANGER STATION, CA US","2021-09-19",,,"0.36",,,,,
"USC00043761","HAPPY CAMP RANGER STATION, CA US","2021-09-27",,,"0.05",,,,,"62"
"USC00043761","HAPPY CAMP RANGER STATION, CA US","2021-09-28",,,"0.32",,,"67","48","48"
"USC00043761","HAPPY CAMP RANGER STATION, CA US","2021-10-06",,,"0.05",,,,,"50"
"USC00043761","HAPPY CAMP RANGER STATION, CA US","2021-10-21","    3","1.43",,,,,,
"USC00043761","HAPPY CAMP RANGER STATION, CA US","2021-10-24","    3","2.65",,,,,,
"USC00043761","HAPPY CAMP RANGER STATION, CA US","2021-10-25",,,"1.10",,,,,
"USC00043761","HAPPY CAMP RANGER STATION, CA US","2021-10-26",,,"0.20",,,,,
"USC00043761","HAPPY CAMP RANGER STATION, CA US","2021-11-02","    4","1.60",,,,,,"53"
"USC00043761","HAPPY CAMP RANGER STATION, CA US","2021-12-07","   31","3.60",,,,,,
"USC00043761","HAPPY CAMP RANGER STATION, CA US","2021-12-13","    3","3.40",,"1.0",,,,
"USC00043761","HAPPY CAMP RANGER STATION, CA US","2021-12-14",,,"0.20",,"1.0","35","29","31"
"USC00043761","HAPPY CAMP RANGER STATION, CA US","2021-12-16",,,"0.90","6.0","6.0",,,
"USC00043761","HAPPY CAMP RANGER STATION, CA US","2021-12-22","    2","0.80",,,,,,"39"
